OID,feature_name,feature_class,state_alpha,state_numeric,county_name,county_numeric,prim_lat_dec,prim_long_dec,map_name,date_created,date_edited,base_elevation_ft
,Agate Bridge,Arch,AZ,04,Apache,001,34.892250199999999,-109.793725199999997,Adamana,02/08/1980,,5584
,Angels Window,Arch,AZ,04,Coconino,005,36.119999999999997,-111.946944400000007,Cape Royal,02/08/1980,02/23/2010,7723
,Big Hogan,Arch,AZ,04,Navajo,017,36.914166700000003,-110.075555600000001,Mitten Buttes,02/08/1980,09/17/2009,5426
,Eggshell Arch,Arch,AZ,04,Coconino,005,36.681665000000002,-110.790974000000006,Toenleshushe Canyon,02/08/1980,,6122
,Hole in the Rock,Arch,AZ,04,Coconino,005,36.938318700000004,-111.849338399999993,Wrather Arch,02/08/1980,,5994
,Keyhole Natural Bridge,Arch,AZ,04,Coconino,005,36.379982599999998,-112.581020899999999,Fishtail Mesa,02/08/1980,,3642
,Nachi Kulik,Arch,AZ,04,Pima,019,31.600555600000000,-111.707777800000002,Caponera Peak,02/08/1980,06/15/2010,2966
,Miners Arch,Arch,AZ,04,La Paz,012,34.164166700000003,-113.855555600000002,Swansea,02/08/1980,05/25/2010,1486
,Natural Arch,Arch,AZ,04,Navajo,017,36.762777800000002,-110.140833299999997,Agathla Peak,02/08/1980,01/22/2010,5574
,Pine Tree Arch,Arch,AZ,04,Navajo,017,36.902777800000003,-110.169166700000005,Mystery Valley,06/27/1984,09/24/2009,5689
,Forbidden Arch,Arch,AZ,04,Apache,001,36.958452999999999,-109.881709000000001,Rooster Rock,02/08/1980,01/22/2010,5026
,Needles Eye,Arch,AZ,04,La Paz,012,33.280311500000003,-114.562731200000002,Cibola SE,02/08/1980,05/25/2010,2477
,Onyx Bridge,Arch,AZ,04,Apache,001,35.108611099999997,-109.792222199999998,Kachina Point,02/08/1980,10/02/2009,5538
,Owl Head,Arch,AZ,04,La Paz,012,33.442255400000001,-113.916045800000006,Owl Head,02/08/1980,05/25/2010,2461
,Rock Window,Arch,AZ,04,Apache,001,36.622223099999999,-109.560941400000004,Little Round Rock,02/08/1980,,5564
,Royal Arch,Arch,AZ,04,La Paz,012,33.398611099999997,-113.663333300000005,Coyote Peak,02/08/1980,05/25/2010,1676
,Slit Rock,Arch,AZ,04,Pima,019,31.822295499999999,-112.611813699999999,Menagers Lake,02/08/1980,,2260
,Suns Eye,Arch,AZ,04,Navajo,017,36.915555599999998,-110.081666700000000,Mitten Buttes,02/08/1980,09/17/2009,5476
,The Eagles Eye,Arch,AZ,04,La Paz,012,33.594475400000000,-113.903825499999996,New Water Mountains,02/08/1980,05/25/2010,2421
,The Window,Arch,AZ,04,Apache,001,36.108333299999998,-109.396111099999999,Three Turkey Canyon,02/08/1980,10/02/2009,6240
,White Mesa Arch,Arch,AZ,04,Coconino,005,36.473884800000000,-110.975145499999996,White Mesa Arch,02/08/1980,,6624
,Window Rock,Arch,AZ,04,Apache,001,35.682795200000001,-109.048981699999999,Window Rock,02/08/1980,,7054
,Window Rock,Arch,AZ,04,Apache,001,36.279168300000002,-109.689555100000007,Many Farms SW,02/08/1980,,5735
,Window Rock,Arch,AZ,04,Apache,001,36.496667500000001,-109.558163100000002,Many Farms NE,02/08/1980,11/08/2011,5827
,Window Rock,Arch,AZ,04,Apache,001,36.891112399999997,-109.572333000000000,Walker Creek Reservoir,02/08/1980,,5033
,Window Rock,Arch,AZ,04,Apache,001,36.388334499999999,-109.685110300000005,Windy Valley,02/08/1980,11/08/2011,5600
,Wrather Arch,Arch,AZ,04,Coconino,005,36.964722199999997,-111.779444400000003,Wrather Arch,02/08/1980,02/23/2010,4216
,Hole in Rock,Arch,AZ,04,Coconino,005,36.570269000000003,-111.410982899999993,Dove Spring,06/27/1984,,5984
,Kolb Arch,Arch,AZ,04,Coconino,005,36.284428300000002,-111.968778499999999,Point Imperial,06/27/1984,11/28/2008,6991
,Alamo Window,Arch,AZ,04,Mohave,015,36.264148300000002,-112.918254300000001,Fern Glen Canyon,06/27/1984,05/13/2010,3294
,Natural Arch,Arch,AZ,04,Mohave,015,35.876375899999999,-113.319653700000003,Granite Park,06/27/1984,05/13/2010,2110
,Arch in the Sky,Arch,AZ,04,Coconino,005,36.899996500000000,-110.992366200000006,Chaiyahi Flat,06/27/1984,10/07/2008,5827
,Hole in the Rock,Arch,AZ,04,Maricopa,013,33.456388900000000,-111.945277800000000,Tempe,06/27/1984,06/15/2010,1352
,Triple Eye,Arch,AZ,04,La Paz,012,33.498646500000000,-113.436864600000007,Eagletail Mountains West,06/27/1984,,2323
,Margaret Arch,Arch,AZ,04,Coconino,005,36.548052499999997,-110.956255799999994,Square Butte,06/27/1984,,6821
,Jett Arch,Arch,AZ,04,Coconino,005,36.962215000000000,-111.168759699999995,Face Canyon,05/01/1989,,4213
,Devils Bridge,Arch,AZ,04,Yavapai,025,34.897637400000001,-111.807497999999995,Wilson Mountain,02/08/1980,05/14/2015,4934
,Fay Canyon Arch,Arch,AZ,04,Yavapai,025,34.909461999999998,-111.860849999999999,Wilson Mountain,02/08/1980,02/06/2015,4908
,Tonto Natural Bridge,Arch,AZ,04,Gila,007,34.320586900000002,-111.456529099999997,Buckhead Mesa,02/08/1980,,4485
,Vultee Arch,Arch,AZ,04,Coconino,005,34.941559400000003,-111.768806400000003,Wilson Mountain,02/08/1980,02/06/2015,5436
,Window Rock,Arch,AZ,04,Pima,019,32.377222199999999,-110.858055600000000,Mount Lemmon,02/08/1980,06/15/2010,7077
,Hartman Natural Bridge,Arch,AZ,04,Coconino,005,36.195262200000002,-111.919886199999993,Walhalla Plateau,06/27/1984,,6073
,Ralph Natural Bridge,Arch,AR,05,Marion,089,36.181388900000002,-92.692499999999995,Yellville,04/30/1980,02/21/2017,820
,Hurricane Creek Natural Bridge,Arch,AR,05,Johnson,071,35.718969899999998,-93.224343200000007,Fort Douglas,09/01/1991,10/14/2009,978
,Alum Cove Natural Bridge,Arch,AR,05,Newton,101,35.862023800000003,-93.233788399999995,Deer,09/01/1991,10/14/2009,1946
,Hartselle Natural Bridge,Arch,AL,01,Morgan,103,34.477222200000000,-86.886666700000006,Hartselle,12/01/2003,10/14/2009,745
,Double Natural Bridges,Arch,AL,01,Wilcox,131,31.878208099999998,-87.660833600000004,Thomasville,12/01/2003,,213
,Natural Bridge of Alabama,Arch,AL,01,Winston,133,34.094160000000002,-87.613339999999994,Lynn,09/04/1980,06/13/2011,689
,Chandler Natural Bridge,Arch,AL,01,St. Clair,115,33.979444399999998,-86.233888899999997,Steele,12/01/2003,01/22/2010,659
,Window Rock,Arch,CO,08,Mesa,077,39.105555600000002,-108.725833300000005,Colorado National Monument,10/13/1978,03/16/2011,5436
,The Keyhole,Arch,CO,08,Larimer,069,40.423055599999998,-105.162499999999994,Masonville,10/13/1978,03/16/2011,5298
,Juanita Arch,Arch,CO,08,Mesa,077,38.574166699999999,-108.893611100000001,Juanita Arch,10/13/1978,03/16/2011,5256
,La Ventana,Arch,CO,08,Saguache,109,37.811944400000002,-106.376111100000003,Twin Mountains,10/13/1978,03/16/2011,8957
,Will Minor Arch,Arch,CO,08,Mesa,077,39.134704200000002,-108.907328100000001,Ruby Canyon,05/01/1993,,5479
,Arch of the Navarro,Arch,CA,06,Mendocino,045,39.191290600000002,-123.765292700000003,Albion,01/19/1981,,0
,Arch Rock,Arch,CA,06,Fresno,019,37.451388899999998,-119.067222200000003,Sharktooth Peak,01/19/1981,11/21/2012,10371
,Arched Rock,Arch,CA,06,Sonoma,097,38.369360399999998,-123.075280100000001,Bodega Head,01/19/1981,02/14/2012,0
,Arched Rock,Arch,CA,06,Sonoma,097,38.432692500000002,-123.126392699999997,Arched Rock,01/19/1981,02/14/2012,82
,Hardy Rock,Arch,CA,06,Mendocino,045,39.706944399999998,-123.807777799999997,Westport,01/19/1981,02/14/2012,0
,Morgan Rock,Arch,CA,06,Mendocino,045,39.917092199999999,-123.947247300000001,Bear Harbor,01/19/1981,02/15/2012,0
,Needle Rock,Arch,CA,06,Mendocino,045,39.944544399999998,-123.968660400000005,Bear Harbor,01/19/1981,01/26/2017,56
,White Rock,Arch,CA,06,Del Norte,015,41.783448000000000,-124.259805799999995,Crescent City OE W,01/19/1981,02/15/2012,62
,Arch Rock,Arch,CA,06,Orange,059,33.587590300000002,-117.867697600000000,Laguna Beach,01/19/1981,02/06/2015,0
,Arch Rock,Arch,CA,06,Ventura,111,34.017226700000002,-119.356502599999999,Anacapa Island,01/19/1981,11/21/2012,0
,Kramer Arch,Arch,CA,06,San Bernardino,071,34.951094099999999,-116.842813500000005,Yermo,01/19/1981,11/28/2016,2579
,Natural Arch,Arch,CA,06,San Bernardino,071,34.881931100000003,-116.100566599999993,Broadwell Mesa,01/19/1981,,2323
,Arch Rock,Arch,CA,06,Riverside,065,33.986394400000002,-116.015555699999993,Malapai Hill,06/14/2000,,3812
,Captain Jacks Bridge,Arch,CA,06,Siskiyou,093,41.746825000000001,-121.493603800000002,Caldwell Butte,01/19/1981,08/25/2011,4403
,Guano Bridge,Arch,CA,06,Siskiyou,093,41.800800000000002,-121.483999999999995,The Panhandle,01/19/1981,08/25/2011,4167
,Irish Bridge,Arch,CA,06,Siskiyou,093,41.730991400000001,-121.517493299999998,Schonchin Butte,01/19/1981,,4610
,Symbol Bridge,Arch,CA,06,Siskiyou,093,41.733491200000003,-121.526382400000003,Schonchin Butte,01/19/1981,,4685
,Death Valley Natural Bridge,Arch,CA,06,Inyo,027,36.284951300000003,-116.765327700000000,Devils Golf Course,06/14/2000,,620
,Arch Rock,Arch,CA,06,Marin,041,37.987222199999998,-122.813333299999996,Double Point,12/01/1991,02/14/2012,59
,Arch Rock,Arch,CA,06,Santa Barbara,083,34.056666700000001,-119.796666700000003,Santa Cruz Island B,01/19/1981,11/21/2012,43
,Natural Bridge,Arch,CA,06,Calaveras,009,38.054644600000003,-120.477142599999993,Columbia,01/19/1981,,1181
,Natural Bridge,Arch,FL,12,Walton,131,30.986593700000000,-86.212170099999994,Gaskin,10/19/1979,02/06/2015,177
,Honopu Arch,Arch,HI,15,Kauai,007,22.166927999999999,-159.671118000000007,Makaha Point,04/01/1994,,243
,Bridge of Tears,Arch,ID,16,Butte,023,43.376849000000000,-113.432788500000001,The Watchman,06/21/1979,,5463
,The Arch,Arch,ID,16,Owyhee,073,42.211015400000001,-115.546745000000001,The Arch,06/21/1979,06/23/2017,4800
,Rainbow Rock,Arch,ID,16,Valley,085,44.985737299999997,-115.597894499999995,Caton Lake,06/21/1979,,6745
,Pomona Natural Bridge,Arch,IL,17,Jackson,077,37.648105800000003,-89.344255899999993,Pomona,09/30/1999,,522
,Rock House Natural Bridge,Arch,KY,21,Russell,207,36.885064000000000,-85.236348500000005,Creelsboro,09/20/1979,,653
,Silvermine Arch,Arch,KY,21,Wolfe,237,37.787306700000002,-83.624355899999998,Pomeroyton,09/20/1979,,1056
,Angel Windows,Arch,KY,21,Wolfe,237,37.800084699999999,-83.596299500000001,Pomeroyton,09/20/1979,,1079
,Castle Arch,Arch,KY,21,Wolfe,237,37.812306900000003,-83.579632300000000,Pomeroyton,09/20/1979,,1010
,Cloud Splitter,Arch,KY,21,Menifee,165,37.837584000000000,-83.620467099999999,Pomeroyton,09/20/1979,,1093
,Double Arch,Arch,KY,21,Powell,197,37.837027700000000,-83.684357899999995,Slade,09/20/1979,,1161
,Grays Arch,Arch,KY,21,Powell,197,37.817306000000002,-83.658245899999997,Slade,09/20/1979,,1010
,Half Moon Arch,Arch,KY,21,Wolfe,237,37.819528599999998,-83.621578200000002,Pomeroyton,09/20/1979,,984
,Nada Arches,Arch,KY,21,Powell,197,37.822027599999998,-83.709636500000002,Slade,09/20/1979,,1184
,Natural Arch,Arch,KY,21,McCreary,147,36.845078100000002,-84.511328000000006,Nevelsville,09/20/1979,03/03/2009,1155
,Natural Bridge,Arch,KY,21,Powell,197,37.772584000000002,-83.684357700000007,Slade,09/20/1979,,1280
,Natural Bridge,Arch,KY,21,McCreary,147,36.670633400000000,-84.517716800000002,Barthell,09/20/1979,08/25/2011,1211
,Owls Window,Arch,KY,21,Powell,197,37.780361700000000,-83.685191200000006,Slade,09/20/1979,,1207
,Princess Arch,Arch,KY,21,Wolfe,237,37.827584100000003,-83.620189300000007,Pomeroyton,09/20/1979,,1138
,Ravens Window,Arch,KY,21,Powell,197,37.835361300000002,-83.667135200000004,Slade,09/20/1979,,1060
,Red-byrd Arch,Arch,KY,21,Wolfe,237,37.814807199999997,-83.550464800000000,Pomeroyton,09/20/1979,,988
,Rock Bridge Arch,Arch,KY,21,Wolfe,237,37.768696499999997,-83.558242699999994,Pomeroyton,09/20/1979,,955
,Sand Gap Arch,Arch,KY,21,Powell,197,37.782305700000002,-83.721303399999996,Slade,09/20/1979,,1260
,Short Creek Arch,Arch,KY,21,Powell,197,37.872582500000000,-83.717970300000005,Slade,09/20/1979,,1040
,Sky Bridge,Arch,KY,21,Wolfe,237,37.818417900000000,-83.580465799999999,Pomeroyton,09/20/1979,12/03/2007,1066
,Slade Twin Arches,Arch,KY,21,Powell,197,37.791944399999998,-83.708611099999999,Slade,09/20/1979,12/14/2006,892
,Star Gap Arch,Arch,KY,21,Powell,197,37.822027800000001,-83.693802700000006,Slade,09/20/1979,,1319
,Turtle Back Arch,Arch,KY,21,Wolfe,237,37.776474200000003,-83.563520699999998,Pomeroyton,09/20/1979,,971
,Whites Branch Arch,Arch,KY,21,Powell,197,37.753417300000002,-83.705191700000000,Slade,09/20/1979,,1230
,Whittleton Arch,Arch,KY,21,Wolfe,237,37.783139700000000,-83.663801599999999,Slade,09/20/1979,,1194
,Hidden Arch,Arch,KY,21,Powell,197,37.788417600000002,-83.643800999999996,Slade,11/01/1991,,1171
,Natural Bridge of New England,Arch,MA,25,Berkshire,003,42.707420399999997,-73.092774899999995,North Adams,08/27/2002,02/12/2015,945
,Arch Rock,Arch,MI,26,Mackinac,097,45.857790799999997,-84.607266699999997,Round Island,04/14/1980,,712
,Clifty Creek Natural Bridge,Arch,MO,29,Maries,125,38.036666699999998,-91.975833300000005,Nagogami Lodge,08/01/1991,06/30/2011,699
,Sandy Creek Natural Bridge,Arch,MO,29,Lincoln,113,39.193055600000001,-91.105833300000000,Eolia,01/01/1991,06/30/2011,541
,DuChien Cave Natural Bridge,Arch,MO,29,Pike,163,39.441388900000000,-91.300833299999994,Frankford,05/01/1990,06/30/2011,699
,Hahatonka Natural Bridge,Arch,MO,29,Camden,029,37.974170000000001,-92.763329999999996,Hahatonka,06/01/1990,05/27/2009,804
,Cassville Natural Bridge,Arch,MO,29,Barry,009,36.618888900000002,-93.781666700000002,Eagle Rock,10/24/1980,06/30/2011,1260
,St James Natural Bridge,Arch,MO,29,Phelps,161,37.981083900000002,-91.574976599999999,Maramec Spring,10/24/1980,02/06/2015,850
,Rock Bridge,Arch,MO,29,Boone,019,38.872536799999999,-92.326018300000001,Ashland,10/24/1980,06/30/2011,617
,Turner Natural Bridge,Arch,MO,29,Shannon,203,37.376435499999999,-91.207353299999994,Bunker,10/24/1980,06/30/2011,1047
,Hole-in-the-Rock,Arch,MT,30,Garfield,033,46.865550300000002,-107.178129400000003,Hole-in-the-Rock,04/04/1980,,3051
,Triple Arches,Arch,MT,30,Flathead,029,48.717475200000003,-113.718170299999997,Logan Pass,04/04/1980,,6181
,The Arch,Arch,MT,30,Judith Basin,045,47.149687100000001,-110.565214900000001,The Arch,04/04/1980,,5531
,Window Rock,Arch,MT,30,Gallatin,031,45.454098100000003,-110.980777300000000,Fridley Peak,04/04/1980,,8350
,The Arch,Arch,NV,32,Lincoln,017,37.921907500000003,-114.110812199999998,Deer Lodge Canyon,12/12/1980,,6480
,Osceola Arch,Arch,NV,32,White Pine,033,39.132721799999999,-114.394723499999998,South Bastian Spring,12/01/1989,,7014
,Lexington Arch,Arch,NV,32,White Pine,033,38.844115799999997,-114.208325299999998,Arch Canyon,12/01/1989,,8451
,Hole in the Mountain,Arch,NV,32,Elko,007,40.947145200000001,-115.123383200000006,Humboldt Peak,08/30/1991,,11010
,Natural Arch,Arch,NV,32,White Pine,033,39.033275400000001,-114.939183200000002,Ward Mountain,12/12/1980,,8530
,Natural Arch,Arch,NV,32,White Pine,033,39.228272799999999,-114.908074299999996,Ely,12/12/1980,,6886
,Natural Bridge,Arch,NM,35,Lincoln,027,34.095637000000004,-104.979155500000005,Ramon SW,11/13/1980,07/19/2010,5085
,Needles Eye,Arch,NM,35,Luna,029,32.126202499999998,-107.613636000000000,Florida Gap,11/13/1980,,6870
,Arch Rock,Arch,NM,35,San Juan,045,36.890833299999997,-107.849166699999998,Mount Nebo,06/01/1992,07/19/2010,6322
,Soda Dam,Arch,NM,35,Sandoval,043,35.791412899999997,-106.686424599999995,Jemez Springs,11/13/1980,08/31/2010,6332
,Teakettle Rock,Arch,NM,35,Rio Arriba,039,36.047499999999999,-106.688888899999995,Jarosa,11/13/1980,07/19/2010,8681
,Natural Bridge of New York,Arch,NY,36,Jefferson,045,44.017279100000003,-76.063538399999999,Dexter,01/01/2000,,269
,Adirondack Natural Stone Bridge,Arch,NY,36,Warren,113,43.747009499999997,-73.853186300000004,Chestertown,01/01/2000,,928
,Natural Bridge,Arch,NC,37,Macon,113,35.029813099999998,-83.332654099999999,Scaly Mountain,06/17/1980,,3261
,Lime Arch Bridge,Arch,OK,40,Pittsburg,121,34.751487200000000,-95.699429600000002,Hartshorne SW,12/18/1979,02/14/2011,666
,Needle Rock,Arch,OR,41,Jackson,029,42.699015699999997,-122.602260200000003,Cascade Gorge,11/28/1980,,2205
,Phantom Natural Bridge,Arch,OR,41,Marion,047,44.787066400000000,-122.244244600000002,Battle Ax,11/28/1980,,4577
,Natural Bridge,Arch,OR,41,Jackson,029,42.889569799999997,-122.465315399999994,Union Creek,04/01/1993,,3205
,Cow Horn Arch,Arch,OR,41,Douglas,019,42.949845099999997,-122.628376900000006,Butler Butte,04/01/1993,,4265
,Natural Bridges,Arch,OR,41,Curry,015,42.188723000000003,-124.368436799999998,Carpenterville,05/01/1989,,0
,Needle Eye,Arch,SD,46,Custer,033,43.841652500000002,-103.546026499999996,Custer,02/13/1980,,6339
,Natural Bridge,Arch,TN,47,Campbell,013,36.447023600000001,-84.056868399999999,La Follette,05/19/1980,,2008
,Big Oven,Arch,TN,47,Cocke,029,36.050376300000003,-83.080711699999995,Parrottsville,05/19/1980,05/27/2009,1201
,Natural Bridge,Arch,TX,48,Collingsworth,087,35.113941099999998,-100.074832599999993,Little Wolf Creek,11/30/1979,,2077
,Natural Arch,Arch,AK,02,Valdez-Cordova (CA),261,60.505000000000003,-142.453055599999999,Bering Glacier C-4,01/01/2000,,3711
,Natural Bridge,Arch,AK,02,Southeast Fairbanks (CA),240,65.068333300000006,-141.117500000000007,Charley River A-1,01/01/2000,,3179
,Ant Knolls,Arch,UT,49,Garfield,017,37.698600800000001,-110.691256800000005,Lost Spring,12/31/1979,,4557
,Shaw Arch,Arch,UT,49,San Juan,037,37.365830500000001,-110.189294500000003,Slickhorn Canyon West,12/31/1979,02/04/2009,4583
,Bowington Arch,Arch,UT,49,Garfield,017,37.776099600000002,-111.394334599999993,Calf Creek,12/31/1979,,5489
,Cliff Arch,Arch,UT,49,Kane,025,37.419712699999998,-111.007656200000000,King Mesa,12/31/1979,,3999
,Cove Arch,Arch,UT,49,Grand,019,38.694147299999997,-109.542618599999997,The Windows Section,12/31/1979,,5443
,Coyote Natural Bridge,Arch,UT,49,Kane,025,37.416101500000003,-111.027656699999994,King Mesa,12/31/1979,,4065
,Delicate Arch,Arch,UT,49,Grand,019,38.742758500000001,-109.494007499999995,Big Bend,12/31/1979,,4606
,Double Arch,Arch,UT,49,Grand,019,38.691647400000001,-109.540674100000004,The Windows Section,12/31/1979,,5292
,Double O Arch,Arch,UT,49,Grand,019,38.799422100000001,-109.620120700000001,Mollie Hogans,12/31/1979,,5522
,Eye of Needle,Arch,UT,49,Beaver,001,38.510791200000000,-113.595805499999997,Wah Wah Summit,12/31/1979,,6637
,Grosvenor Arch,Arch,UT,49,Kane,025,37.456652599999998,-111.831567100000001,Butler Valley,12/31/1979,,6427
,Hawkeye Natural Bridge,Arch,UT,49,San Juan,037,37.112773300000001,-110.746249399999996,Deep Canyon South,12/31/1979,,4701
,Hole in the Rock,Arch,UT,49,Summit,043,40.942449199999999,-110.159598500000001,Hole In The Rock,12/31/1979,,8983
,Hole-in-the-Rock,Arch,UT,49,San Juan,037,38.390540600000001,-109.454003999999998,Kane Springs,12/31/1979,,5082
,Jacob Hamblin Arch,Arch,UT,49,Kane,025,37.418879199999999,-111.043212699999998,King Mesa,12/31/1979,,4209
,Kolob Arch,Arch,UT,49,Washington,053,37.423591100000003,-113.157725600000006,Kolob Arch,12/31/1979,,6083
,Landscape Arch,Arch,UT,49,Grand,019,38.790533699999997,-109.606787100000005,Mollie Hogans,12/31/1979,,5308
,Corona Arch,Arch,UT,49,Grand,019,38.579943000000000,-109.619887000000006,Moab,12/31/1979,02/22/2009,4383
,Looking Glass Rock,Arch,UT,49,San Juan,037,38.275264399999998,-109.405113600000007,La Sal Junction,12/31/1979,,6237
,Navajo Arch,Arch,UT,49,Grand,019,38.791922399999997,-109.609009400000005,Mollie Hogans,12/31/1979,,5482
,Nevills Arch,Arch,UT,49,San Juan,037,37.451943700000001,-109.772905600000001,Snow Flat Spring Cave,12/31/1979,,5518
,South Windows,Arch,UT,49,Grand,019,38.684971500000003,-109.532213100000007,The Windows Section,12/31/1979,11/23/2016,5335
,Partition Arch,Arch,UT,49,Grand,019,38.791922399999997,-109.607620499999996,Mollie Hogans,12/31/1979,,5338
,Phipps Arch,Arch,UT,49,Garfield,017,37.756377600000000,-111.410167999999999,Calf Creek,12/31/1979,,5571
,Pine Tree Arch,Arch,UT,49,Grand,019,38.787478299999997,-109.598453699999993,Mollie Hogans,12/31/1979,,5203
,Pinto Arch,Arch,UT,49,Grand,019,38.582481700000002,-109.626784599999993,Gold Bar Canyon,12/31/1979,,4567
,Pritchett Natural Bridge,Arch,UT,49,Grand,019,38.506094300000001,-109.559283100000002,Moab,12/31/1979,,4836
,Ribbon Arch,Arch,UT,49,Grand,019,38.694702900000003,-109.539563000000001,The Windows Section,12/31/1979,,5574
,Sipapu Bridge,Arch,UT,49,San Juan,037,37.624993400000001,-110.017355199999997,Moss Back Butte,12/31/1979,08/25/2011,6027
,Skyline Arch,Arch,UT,49,Grand,019,38.774423100000000,-109.590120099999993,Mollie Hogans,12/31/1979,,5243
,Sunset Natural Arch,Arch,UT,49,Kane,025,37.375823799999999,-111.048490099999995,King Mesa,12/31/1979,,4564
,The Alcove,Arch,UT,49,Carbon,007,39.750797599999999,-110.219321600000001,Cowboy Bench,12/31/1979,,6158
,The Hondu,Arch,UT,49,Emery,015,38.672476199999998,-111.015997799999994,Ireland Mesa,12/31/1979,,6660
,The Jug Handle,Arch,UT,49,Grand,019,38.546093399999997,-109.648173200000002,Gold Bar Canyon,12/31/1979,,3966
,The Mummy,Arch,UT,49,Carbon,007,39.779130799999997,-110.172653499999996,Cowboy Bench,12/31/1979,,5784
,The Shoe,Arch,UT,49,San Juan,037,37.586105500000002,-110.017076799999998,Moss Back Butte,12/31/1979,,6089
,Tower Arch,Arch,UT,49,Grand,019,38.789976799999998,-109.687065899999993,Klondike Bluffs,12/31/1979,,5312
,Tunnel Arch,Arch,UT,49,Grand,019,38.784978400000000,-109.596787000000006,Mollie Hogans,12/31/1979,,5266
,Turret Arch,Arch,UT,49,Grand,019,38.684359399999998,-109.534959999999998,The Windows Section,12/31/1979,02/06/2015,5325
,Wall Arch (historical),Arch,UT,49,Grand,019,38.792478000000003,-109.606787199999999,Mollie Hogans,12/31/1979,08/10/2008,5387
,Musselman Arch,Arch,UT,49,San Juan,037,38.435817299999997,-109.769563300000002,Musselman Arch,02/25/1989,,4482
,Washer Woman,Arch,UT,49,San Juan,037,38.389984300000002,-109.838176700000005,Musselman Arch,02/25/1989,,5620
,Mesa Arch,Arch,UT,49,San Juan,037,38.387859499999998,-109.863664400000005,Musselman Arch,02/25/1989,02/06/2015,6099
,Natural Arch,Arch,UT,49,Wayne,055,38.261651200000003,-110.160409700000002,Head Spur,02/25/1989,,6191
,Cave Arch,Arch,UT,49,Garfield,017,38.152207699999998,-110.049574699999994,Elaterite Basin,02/25/1989,,5305
,Whitmore Arch,Arch,UT,49,Garfield,017,38.138318900000002,-110.045130299999997,Elaterite Basin,02/25/1989,02/04/2009,5213
,Beehive Arch,Arch,UT,49,Wayne,055,38.165819200000001,-109.945404800000006,Spanish Bottom,02/25/1989,,5164
,Wooden Shoe,Arch,UT,49,San Juan,037,38.139987599999998,-109.776511499999998,The Loop,02/25/1989,02/04/2009,5262
,Angel Arch,Arch,UT,49,San Juan,037,38.051932499999999,-109.755123499999996,Druid Arch,02/25/1989,,5692
,Aardvark Arch,Arch,UT,49,Box Elder,003,41.192708799999998,-112.834699599999993,Lakeside,02/25/1989,,4334
,Aladdins Lamp Arch,Arch,UT,49,Grand,019,38.812500000000000,-109.628333299999994,Klondike Bluffs,02/25/1989,07/30/2009,5233
,Anniversary Arch,Arch,UT,49,Grand,019,38.783310399999998,-109.677343500000006,Klondike Bluffs,02/25/1989,,5010
,Arch de Triumphe,Arch,UT,49,Grand,019,38.781388900000003,-109.585277800000000,Mollie Hogans,02/25/1989,07/30/2009,5167
,Bat Guano Arch,Arch,UT,49,Grand,019,38.791388900000001,-109.610277800000006,Mollie Hogans,02/25/1989,07/30/2009,5417
,Beckwith Arch,Arch,UT,49,Grand,019,38.716111099999999,-109.606944400000003,The Windows Section,02/25/1989,07/30/2009,5039
,Bench Arch,Arch,UT,49,Grand,019,38.742479799999998,-109.557063799999995,The Windows Section,02/25/1989,,4849
,Black Cave Arch,Arch,UT,49,Grand,019,38.800811099999997,-109.610120600000002,Mollie Hogans,02/25/1989,,5089
,Box Arch,Arch,UT,49,Grand,019,38.752777799999997,-109.572500000000005,Mollie Hogans,02/25/1989,09/17/2009,4924
,Brimhall Bridge,Arch,UT,49,Garfield,017,37.715268199999997,-110.949041899999997,Deer Point,02/25/1989,,4718
,Broken Arch,Arch,UT,49,Grand,019,38.767479000000002,-109.581231099999997,Mollie Hogans,02/25/1989,,5171
,Cassidys Arch,Arch,UT,49,Wayne,055,38.261924499999999,-111.225446700000006,Fruita,02/25/1989,,5912
,Cliff Arch,Arch,UT,49,Grand,019,38.747479700000000,-109.560675000000003,The Windows Section,02/25/1989,12/08/2008,5003
,Cloister Arch,Arch,UT,49,Grand,019,38.743888900000002,-109.560000000000002,The Windows Section,02/25/1989,08/05/2009,4787
,Coke Oven Arch,Arch,UT,49,Grand,019,38.789999999999999,-109.607500000000002,Mollie Hogans,02/25/1989,08/05/2009,5482
,Crystal Arch,Arch,UT,49,Grand,019,38.794700300000002,-109.601787099999996,Mollie Hogans,02/25/1989,,5203
,Dutchman Arch,Arch,UT,49,Emery,015,38.872472799999997,-110.787663899999998,San Rafael Knob,02/25/1989,,7005
,Elephant Arch,Arch,UT,49,Grand,019,38.689147400000003,-109.540951899999996,The Windows Section,02/25/1989,,5226
,Eye of the Whale Arch,Arch,UT,49,Grand,019,38.713035200000000,-109.603730600000006,The Windows Section,02/25/1989,,4984
,Flatiron Arch,Arch,UT,49,Grand,019,38.666647300000001,-109.584007499999998,The Windows Section,02/25/1989,,4406
,Football Arch,Arch,UT,49,Grand,019,38.699980099999998,-109.584007999999997,The Windows Section,02/25/1989,,4934
,Gold Bar Arch,Arch,UT,49,Grand,019,38.599148000000000,-109.639562799999993,Gold Bar Canyon,02/25/1989,,5000
,Gothic Arch,Arch,UT,49,Grand,019,38.833310900000001,-109.584009600000002,Mollie Hogans,02/25/1989,,4567
,Gothic Arch,Arch,UT,49,San Juan,037,38.088321399999998,-109.736233799999994,South Six-shooter Peak,02/25/1989,,5394
,Gregory Natural Bridge (historical),Arch,UT,49,Kane,025,37.329713699999999,-110.938485600000007,Davis Gulch,02/25/1989,,3704
,Hole-in-the-Fin Arch,Arch,UT,49,Grand,019,38.746111100000000,-109.563611100000003,The Windows Section,02/25/1989,08/06/2009,4924
,Hole-in-the-Wall,Arch,UT,49,Grand,019,38.640536400000002,-109.607618500000001,The Windows Section,02/25/1989,,4176
,Indian Head Arch,Arch,UT,49,Grand,019,38.813333299999996,-109.632499999999993,Klondike Bluffs,02/25/1989,08/05/2009,5292
,Little Bridge,Arch,UT,49,Grand,019,38.749423999999998,-109.561786100000006,The Windows Section,02/25/1989,,5049
,Lopez Arch,Arch,UT,49,San Juan,037,38.241376199999998,-109.374279599999994,Sandstone Draw,02/25/1989,,5915
,Metate Arch,Arch,UT,49,Garfield,017,37.586654799999998,-111.414055599999998,Seep Flat,02/25/1989,,5308
,Morning Glory Arch,Arch,UT,49,Grand,019,38.593593300000002,-109.508728300000001,Moab,02/25/1989,,4314
,Natural Bridge,Arch,UT,49,San Juan,037,37.601109500000000,-109.509011200000003,Black Mesa Butte,02/25/1989,,5896
,North Window,Arch,UT,49,Grand,019,38.686280799999999,-109.532869800000000,The Windows Section,02/25/1989,02/12/2017,5371
,Oval Canyon Natural Bridge,Arch,UT,49,Grand,019,38.801290399999999,-109.616077000000004,Mollie Hogans,02/25/1989,06/03/2015,5230
,Parallel Arch,Arch,UT,49,Grand,019,38.787199000000001,-109.687343600000005,Klondike Bluffs,02/25/1989,,5066
,Piano Leg Arch,Arch,UT,49,Grand,019,38.799977699999999,-109.617343000000005,Mollie Hogans,02/25/1989,,5161
,Picturesque Windows,Arch,UT,49,Kane,025,37.054428999999999,-111.872952499999997,Bridger Point,02/25/1989,,4475
,Pothole Arch,Arch,UT,49,Grand,019,38.700621099999999,-109.555739500000001,The Windows Section,02/25/1989,06/17/2015,5321
,Queue Jughandle Arch,Arch,UT,49,Grand,019,38.749423999999998,-109.561786100000006,The Windows Section,02/25/1989,,5049
,Schmidt Arch,Arch,UT,49,Grand,019,38.667615200000000,-109.591400800000002,The Windows Section,02/25/1989,02/06/2015,4580
,Shadow Box Arch,Arch,UT,49,Grand,019,38.799977699999999,-109.617343000000005,Mollie Hogans,02/25/1989,,5161
,Skylight Arch,Arch,UT,49,Kane,025,37.016930600000002,-111.597941599999999,Lone Rock,02/25/1989,,4285
,Sunset Natural Bridge,Arch,UT,49,Kane,025,37.347213099999998,-111.020711500000004,Sooner Bench,02/25/1989,,4190
,Surprise Arch,Arch,UT,49,Grand,019,38.749423999999998,-109.561786100000006,The Windows Section,02/25/1989,,5049
,Tapestry Arch,Arch,UT,49,Grand,019,38.776403600000002,-109.584257699999995,Mollie Hogans,02/25/1989,06/17/2015,5207
,Triple Arch,Arch,UT,49,San Juan,037,37.262215099999999,-110.831257500000007,The Rincon,02/25/1989,,4406
,Turban Head Arch,Arch,UT,49,Grand,019,38.799977699999999,-109.617343000000005,Mollie Hogans,02/25/1989,,5161
,Twin Arch,Arch,UT,49,Grand,019,38.749423999999998,-109.561786100000006,The Windows Section,02/25/1989,,5049
,Twisted Doughnut Arch,Arch,UT,49,Grand,019,38.743869400000001,-109.502063199999995,The Windows Section,02/25/1989,,4797
,Updraft Arch,Arch,UT,49,Grand,019,38.600815099999998,-109.559284300000002,Moab,02/25/1989,,4583
,Uranium Arch,Arch,UT,49,Grand,019,38.676090299999998,-109.706508900000003,Merrimac Butte,02/25/1989,,5213
,Wahweap Window,Arch,UT,49,Kane,025,37.029431600000002,-111.496549599999994,Warm Creek Bay,02/25/1989,,3724
,Webbing Arch,Arch,UT,49,Grand,019,38.749423999999998,-109.561786100000006,The Windows Section,02/25/1989,,5049
,Window Wind Arch,Arch,UT,49,Kane,025,37.359711699999998,-111.194326000000004,Blackburn Canyon,02/25/1989,,7149
,Aleson Arch,Arch,UT,49,San Juan,037,37.313326000000004,-110.773199300000002,The Rincon,02/25/1989,,4557
,Druid Arch,Arch,UT,49,San Juan,037,38.088320699999997,-109.833180700000000,Druid Arch,02/25/1989,,5653
,Broken Bow Arch,Arch,UT,49,Kane,025,37.328602300000000,-111.000155300000003,Davis Gulch,02/25/1989,,4042
,Cedar Wash Arch,Arch,UT,49,Garfield,017,37.660543699999998,-111.542392899999996,Dave Canyon,02/25/1989,,5650
,Cobra Arch,Arch,UT,49,Kane,025,37.020817999999998,-111.895730900000004,West Clark Bench,02/25/1989,,4659
,Huntress Arch,Arch,UT,49,Grand,019,38.606370800000001,-109.538173099999995,Moab,01/01/1991,,4275
,Magic Theater Arch,Arch,UT,49,Grand,019,38.528038400000000,-109.589561399999994,Moab,01/01/1991,,4419
,Indian Foot,Arch,UT,49,San Juan,037,37.597216199999998,-110.034576999999999,Moss Back Butte,12/31/1979,,5912
,Angel Arch,Arch,UT,49,San Juan,037,37.610273499999998,-109.761241200000001,South Long Point,02/25/1989,,5863
,Bryce Natural Bridge,Arch,UT,49,Kane,025,37.531649799999997,-112.259919699999998,Tropic Reservoir,02/25/1989,,8606
,Cathedral Arch,Arch,UT,49,San Juan,037,37.610273499999998,-109.759296699999993,South Long Point,02/25/1989,,6083
,Flanigan Arch,Arch,UT,49,Iron,021,37.634144100000000,-112.927167200000000,Flanigan Arch,02/25/1989,,7690
,Keystone Arch,Arch,UT,49,San Juan,037,37.639716800000002,-109.798742000000004,Kigalia Point,02/25/1989,,6798
,Natural Bridge,Arch,UT,49,San Juan,037,37.983322100000002,-109.728457899999995,Cathedral Butte,02/25/1989,,6568
,Stimper Arch,Arch,UT,49,San Juan,037,37.507774900000001,-109.944574900000006,Kane Gulch,02/25/1989,,5938
,Two Bridges,Arch,UT,49,Garfield,017,37.620260799999997,-112.154360800000006,Bryce Point,02/25/1989,,7316
,Queens Arch,Arch,UT,49,San Juan,037,37.761102200000003,-109.841799300000005,Poison Canyon,02/25/1989,,7497
,Bement Arch,Arch,UT,49,Kane,025,37.283324999999998,-110.964597699999999,Davis Gulch,02/25/1989,,4124
,Carrot Top Arch,Arch,UT,49,San Juan,037,37.088882200000000,-111.042094199999994,Cathedral Canyon,02/25/1989,,4478
,Castle Arch,Arch,UT,49,San Juan,037,38.064154899999998,-109.734011899999999,South Six-shooter Peak,02/25/1989,,5669
,Cleft Arch,Arch,UT,49,San Juan,037,37.986111100000002,-109.691666699999999,Cathedral Butte,02/25/1989,12/23/2014,5840
,Fisheye Arch,Arch,UT,49,San Juan,037,38.006655299999998,-109.727901799999998,South Six-shooter Peak,02/25/1989,,6066
,Fortress Arch,Arch,UT,49,San Juan,037,38.057210400000002,-109.737900900000000,South Six-shooter Peak,02/25/1989,,5522
,Keyhole Arch,Arch,UT,49,San Juan,037,37.041937300000001,-111.103760399999999,Cathedral Canyon,02/25/1989,,5007
,Kirk Arch,Arch,UT,49,San Juan,037,37.991655100000003,-109.760680399999998,House Park Butte,02/25/1989,,6365
,Hand Hold Arch,Arch,UT,49,San Juan,037,38.015267000000001,-109.665678700000001,South Six-shooter Peak,02/25/1989,,5440
,Natural Arch,Arch,UT,49,San Juan,037,38.009988399999997,-109.740957399999999,South Six-shooter Peak,02/25/1989,,5902
,Paul Bunyans Potty,Arch,UT,49,San Juan,037,38.119987899999998,-109.737344300000004,South Six-shooter Peak,02/25/1989,,5308
,Ring Arch,Arch,UT,49,Grand,019,38.648591600000003,-109.624007700000007,The Windows Section,02/25/1989,,4514
,Sam Pollock Arch,Arch,UT,49,Kane,025,37.313872600000003,-111.943514500000006,Calico Peak,02/25/1989,,5522
,Sand Dune Arch,Arch,UT,49,Grand,019,38.762756899999999,-109.581231000000002,Mollie Hogans,02/25/1989,,5239
,Slickensides Arch,Arch,UT,49,Grand,019,38.708662400000001,-109.728564599999999,Merrimac Butte,02/25/1989,05/16/2013,4774
,Wedding Ring Arch,Arch,UT,49,San Juan,037,37.977766699999997,-109.732902499999994,Cathedral Butte,02/25/1989,,6529
,Wilson Arch,Arch,UT,49,San Juan,037,38.272486999999998,-109.371224100000006,La Sal West,02/25/1989,,6174
,Woolsey Arch,Arch,UT,49,Kane,025,37.237212200000002,-111.192378800000000,Mazuki Point,02/25/1989,,4222
,Lamanite Arch,Arch,UT,49,Garfield,017,37.959986499999999,-111.276555799999997,Steep Creek Bench,02/25/1989,,6804
,LaGorce Arch,Arch,UT,49,Kane,025,37.308325000000004,-110.936818700000003,Davis Gulch,02/25/1989,,3704
,Escalante Natural Bridge,Arch,UT,49,Garfield,017,37.772488400000000,-111.444613700000005,Calf Creek,12/31/1979,08/25/2011,5446
,Hickman Natural Bridge,Arch,UT,49,Wayne,055,38.291368800000001,-111.234613499999995,Fruita,12/31/1979,,5692
,Maverick Bridge,Arch,UT,49,Garfield,017,37.763599700000000,-111.407668000000001,Calf Creek,12/31/1979,08/25/2011,5344
,Owl Bridge,Arch,UT,49,San Juan,037,37.091661500000001,-110.881254799999994,Rainbow Bridge,12/31/1979,,4524
,Rainbow Bridge,Arch,UT,49,San Juan,037,37.077494299999998,-110.964313599999997,Rainbow Bridge,12/31/1979,,3707
,Stevens Arch,Arch,UT,49,Kane,025,37.433879400000002,-110.979321799999994,Stevens Canyon South,02/25/1989,,4104
,Gemini Bridges,Arch,UT,49,Grand,019,38.585814499999998,-109.707618699999998,Gold Bar Canyon,02/25/1989,,5069
,Tibbett Arch,Arch,UT,49,Wayne,055,38.156374300000003,-110.005684500000001,Elaterite Basin,12/31/1979,,5361
,Muffin Arch,Arch,UT,49,Wayne,055,38.161096499999999,-109.997906400000005,Spanish Bottom,02/25/1989,,5289
,Kachina Bridge,Arch,UT,49,San Juan,037,37.600054200000002,-110.030994399999997,Moss Back Butte,12/31/1979,05/11/2011,5781
,Owachomo Bridge,Arch,UT,49,San Juan,037,37.581419099999998,-110.014944099999994,Moss Back Butte,12/31/1979,05/11/2011,5876
,Starlight Arch,Arch,UT,49,Kane,025,37.256371600000001,-111.998516100000003,Calico Peak,02/25/1989,,6106
,Natural Bridge,Arch,VA,51,Lee,105,36.666755299999998,-83.155451200000002,Hubbard Springs,09/28/1979,,1283
,Natural Bridge,Arch,VA,51,Rockbridge,163,37.627634000000000,-79.544760499999995,Natural Bridge,09/28/1979,,1070
,Devils Eye,Arch,WA,53,Whitman,075,46.580624600000000,-117.274542900000000,Granite Point,09/10/1979,02/06/2015,1316
,Grenville Arch,Arch,WA,53,Grays Harbor,027,47.295638400000001,-124.284349800000001,Taholah,09/10/1979,,0
,Hole-in-the-Wall,Arch,WA,53,Clallam,009,47.941738200000003,-124.651328300000003,La Push,07/01/1990,,39
,Lava Bridge,Arch,WA,53,Klickitat,039,45.962341199999997,-121.597024800000000,Guler Mountain,09/10/1979,,2592
,The Natural Bridge,Arch,WA,53,Stevens,065,48.361562599999999,-118.065818300000004,Wellington Peak,09/10/1979,,3878
,Natural Bridge,Arch,WA,53,Pierce,053,46.949829100000002,-121.742876199999998,Sunrise,07/01/1990,08/25/2011,5882
,Sanctuary Arch,Arch,WA,53,Lewis,041,46.474837100000002,-121.606196100000005,Hamilton Buttes,09/01/1993,,5417
,Yellowstone Natural Bridge,Arch,WY,56,Teton,039,44.526330299999998,-110.456592700000002,Lake,08/31/1992,,7953
,The Arch,Arch,WY,56,Big Horn,003,44.354960900000002,-107.535080699999995,Hyatt Ranch,06/05/1979,,5597
,Eye of the Needle,Arch,WY,56,Park,029,44.864385400000003,-110.006296899999995,Wahb Springs,08/31/1992,,9747
,Blackwater Natural Bridge,Arch,WY,56,Park,029,44.365501999999999,-109.763788899999994,Sheep Mesa,06/05/1979,,10777
,Clear Creek Natural Bridge,Arch,WY,56,Sublette,035,43.303837500000000,-109.799602399999998,Green River Lakes,06/05/1979,,8323
,Twin Arches,Arch,TN,47,Scott,151,36.540907300000001,-84.735495799999995,Barthell SW,10/01/1989,,1375
,The Court House,Arch,TN,47,Wayne,181,35.404242500000002,-87.663910999999999,Topsy,08/01/1991,,682
,Little Oven,Arch,TN,47,Cocke,029,36.055830000000000,-83.081119999999999,Parrottsville,05/01/1989,05/27/2009,1158
,Great West Arch,Arch,CA,06,San Francisco,075,37.700486499999997,-123.013610600000007,Farallon Islands,01/01/1995,,62
,Garden Bridges,Arch,CA,06,Siskiyou,093,41.708491600000002,-121.514159800000002,Schonchin Butte,01/01/1995,,4957
,Natural Bridge,Arch,CA,06,Tulare,107,36.359105599999999,-118.374810400000001,Kern Peak,06/01/1995,,7946
,Natural Arch (historical),Arch,CA,06,Los Angeles,037,34.039452900000001,-118.576471600000005,Topanga,11/09/1995,02/04/2009,7
,Heppe Bridge,Arch,CA,06,Siskiyou,093,41.698768899999997,-121.543327099999999,Schonchin Butte,11/13/1995,,5207
,Merrill Natural Bridge,Arch,CA,06,Siskiyou,093,41.727935299999999,-121.549160700000002,Schonchin Butte,11/13/1995,11/30/2011,4902
,Ovis Bridge,Arch,CA,06,Siskiyou,093,41.702936000000001,-121.517493200000004,Schonchin Butte,11/13/1995,,5043
,Peninsula Bridge,Arch,CA,06,Siskiyou,093,41.736547199999997,-121.500548400000000,Caldwell Butte,11/13/1995,,4465
,Battle Rock Arch,Arch,OR,41,Curry,015,42.739275599999999,-124.488437700000006,Port Orford,11/29/1995,,0
,Haystack Rock Arch,Arch,OR,41,Tillamook,057,45.212325499999999,-123.986228400000002,Nestucca Bay,11/29/1995,,7
,Sea Lion Rock Arch,Arch,OR,41,Clatsop,007,45.917606900000003,-123.984583900000004,Tillamook Head,11/29/1995,,75
,Twin Rocks Arch,Arch,OR,41,Tillamook,057,45.597881999999998,-123.959300700000000,Garibaldi,11/29/1995,,0
,Vreeland Arch,Arch,AZ,04,Navajo,017,36.882500000000000,-110.069444399999995,Mitten Buttes,03/27/1996,09/17/2009,5702
,Genevieves Arch,Arch,AZ,04,Apache,001,36.909999999999997,-109.929444399999994,Rooster Rock,03/27/1996,09/24/2009,5403
,Standing Cow Arch,Arch,AZ,04,Navajo,017,36.756388899999997,-110.296111100000005,Segihatsosi Canyon,03/27/1996,09/24/2009,6040
,Walker Creek Arch,Arch,AZ,04,Apache,001,36.910555600000002,-109.587500000000006,Walker Creek Reservoir,03/27/1996,10/02/2009,5243
,Elephant Rock,Arch,AZ,04,Gila,007,33.897222200000002,-110.933055600000003,McFadden Peak,03/27/1996,06/15/2010,6762
,Elephant Trunk,Arch,AZ,04,Pima,019,32.312777799999999,-110.793333300000000,Sabino Canyon,03/27/1996,06/15/2010,3130
,The Window,Arch,AZ,04,Pima,019,32.345619100000000,-112.239860699999994,Window Mountain,03/27/1996,06/15/2010,2717
,Rocky Arch,Arch,AZ,04,Pima,019,32.375833299999996,-110.704166700000002,Mount Bigelow,03/27/1996,06/15/2010,6909
,Indian Head Arch,Arch,AZ,04,Coconino,005,34.939064799999997,-111.752536800000001,Wilson Mountain,03/27/1996,02/06/2015,5246
,White Craig Arch,Arch,AZ,04,Coconino,005,36.551944399999996,-111.017222200000006,Kaibito,03/27/1996,02/23/2010,6673
,Quick Arch,Arch,AZ,04,Coconino,005,36.983051300000000,-110.937365299999996,Chaiyahi Flat,03/27/1996,,5604
,Keystone Bridge,Arch,AZ,04,Apache,001,34.934444399999997,-109.753611100000001,Adamana,03/27/1996,10/02/2009,5564
,Black Rock Natural Bridge,Arch,AZ,04,Apache,001,35.708627600000000,-109.104538800000000,Window Rock,03/27/1996,,6808
,Hope Arch,Arch,AZ,04,Apache,001,36.202222200000001,-109.688888899999995,Ventana Mesa,03/27/1996,10/02/2009,5823
,Royal Arch,Arch,AZ,04,Apache,001,36.606945000000003,-109.243157800000006,Cove,03/27/1996,,6781
,Chiricahua Natural Bridge,Arch,AZ,04,Cochise,003,32.021111099999999,-109.355277799999996,Cochise Head,03/27/1996,06/15/2010,5932
,Skeleton Arch,Arch,AZ,04,Apache,001,36.886111100000001,-109.971388899999994,Rooster Rock,03/27/1996,09/24/2009,5482
,Spiderweb Arch,Arch,AZ,04,Navajo,017,36.884999999999998,-110.093055600000000,Mitten Buttes,03/27/1996,09/17/2009,5961
,Swinnerton Bridge,Arch,AZ,04,Navajo,017,36.868549999999999,-110.122669999999999,Baby Rocks,03/27/1996,09/24/2009,6030
,Eye of the Rabbit,Arch,AZ,04,Navajo,017,36.910833300000000,-110.149722199999999,Mystery Valley,03/27/1996,09/24/2009,5643
,Stout Arch,Arch,AZ,04,Navajo,017,36.888888899999998,-110.175277800000003,Mystery Valley,03/27/1996,09/24/2009,5561
,The Spectacles,Arch,AZ,04,Navajo,017,36.918611100000000,-110.141388899999995,Mystery Valley,03/27/1996,09/24/2009,5758
,Four Level Arch,Arch,AZ,04,Navajo,017,36.910555600000002,-110.148611099999997,Mystery Valley,03/27/1996,09/24/2009,5699
,Full Moon Arch,Arch,AZ,04,Navajo,017,36.911944400000003,-110.138055600000001,Mystery Valley,03/27/1996,09/24/2009,5613
,Honeymoon Arch,Arch,AZ,04,Navajo,017,36.888611099999999,-110.176666699999998,Mystery Valley,03/27/1996,09/24/2009,5489
,Hidden Bridge,Arch,AZ,04,Navajo,017,36.910277800000003,-110.073333300000002,Mitten Buttes,03/27/1996,09/17/2009,5390
,Donut Arch,Arch,AZ,04,Navajo,017,36.920000000000002,-110.080555599999997,Mitten Buttes,03/27/1996,09/17/2009,5515
,Moccasin Arch,Arch,AZ,04,Navajo,017,36.913611099999997,-110.076111100000006,Mitten Buttes,03/27/1996,09/17/2009,5400
,Ear of the Wind,Arch,AZ,04,Navajo,017,36.908612400000003,-110.081791600000003,Mitten Buttes,03/27/1996,,5492
,Diagenetic Arch,Arch,AZ,04,Coconino,005,36.967777800000000,-111.208333300000007,Face Canyon,03/27/1996,02/23/2010,3770
,Massacre Natural Bridge,Arch,CA,06,Trinity,105,40.494999999999997,-123.103055600000005,Wildwood,03/27/1996,02/15/2012,2825
,Smugglers Cave,Arch,CA,06,San Luis Obispo,079,35.173864100000003,-120.716285600000006,Pismo Beach,03/27/1996,,10
,Three Arches,Arch,CA,06,Orange,059,33.488916300000000,-117.736998200000002,Dana Point,03/27/1996,,23
,Alligator Head Arch (historical),Arch,CA,06,San Diego,073,32.851158300000002,-117.273370700000001,La Jolla OE W,03/27/1996,02/04/2009,10
,Aikens Arch,Arch,CA,06,San Bernardino,071,35.239428699999998,-115.748612600000001,Marl Mountains,03/27/1996,,3684
,Elephant Rock Arch,Arch,CO,08,El Paso,041,39.118611100000003,-104.890833299999997,Palmer Lake,03/27/1996,03/16/2011,7470
,Kissing Camels,Arch,CO,08,El Paso,041,38.878888900000000,-104.880555599999994,Cascade,03/27/1996,03/16/2011,6611
,Saint Charles Arch,Arch,CO,08,Pueblo,101,37.981388899999999,-105.000555599999998,San Isabel,03/27/1996,03/16/2011,7618
,Siamese Twins,Arch,CO,08,El Paso,041,38.869722199999998,-104.888611100000006,Manitou Springs,03/27/1996,03/16/2011,6407
,Pigs Eye,Arch,CO,08,El Paso,041,38.873880300000003,-104.881087699999995,Manitou Springs,03/27/1996,,6440
,Aspen Arch,Arch,CO,08,Chaffee,015,38.909722199999997,-106.093611100000004,Marmot Peak,03/27/1996,03/16/2011,9514
,Ela Natural Bridge,Arch,CO,08,Mesa,077,39.001666700000001,-108.829444400000000,Battleship Rock,03/27/1996,03/16/2011,6637
,Finger Arch,Arch,CO,08,Mesa,077,39.127481699999997,-108.844825799999995,Mack,03/27/1996,,5682
,Royal Arch,Arch,CO,08,Boulder,013,39.981944400000003,-105.291388900000001,Eldorado Springs,03/27/1996,03/16/2011,6919
,Cedar Tree Arch,Arch,CO,08,Mesa,077,39.140277800000000,-108.843055600000000,Mack,03/27/1996,03/16/2011,5538
,Window Rock Tower,Arch,CO,08,Mesa,077,39.141370299999998,-108.829269600000003,Mack,03/27/1996,,5505
,Centennial Arch,Arch,CO,08,Mesa,077,39.144166700000000,-108.848611099999999,Mack,03/27/1996,03/16/2011,5482
,Hole in the Bridge Arch,Arch,CO,08,Mesa,077,39.146388899999998,-108.852222200000000,Mack,03/27/1996,03/16/2011,5459
,Arch Creek Natural Bridge (historical),Arch,FL,12,Miami-Dade,086,25.899999999999999,-80.162509999999997,North Miami,03/27/1996,05/27/2009,3
,Maquoketa Caves Natural Bridge,Arch,IA,19,Jackson,097,42.117238499999999,-90.780970900000000,Baldwin,03/27/1996,,791
,The Ant and the Yellowjacket,Arch,ID,16,Nez Perce,069,46.446275800000002,-116.846264300000001,Lapwai,03/27/1996,,840
,Rainbow Arch,Arch,IL,17,Johnson,087,37.363384900000000,-89.027849700000004,Cypress,03/27/1996,,466
,Preachers Eye,Arch,IL,17,Union,181,37.554771700000003,-89.440371600000006,Wolf Lake,03/27/1996,,453
,Portland Arch,Arch,IN,18,Fountain,045,40.218648500000000,-87.335844899999998,Stone Bluff,03/27/1996,,502
,Hollow Rock,Arch,MN,27,Cook,031,47.917111100000000,-89.747314700000004,Grand Portage,03/27/1996,,640
,Round Spring Natural Bridge,Arch,MO,29,Shannon,203,37.282546300000000,-91.407637399999999,Round Spring,03/27/1996,,682
,Grand Gulf Natural Bridge,Arch,MO,29,Oregon,149,36.544722200000002,-91.645277800000002,Koshkonong,03/27/1996,06/30/2011,686
,Hole in the Wall,Arch,MT,30,Chouteau,015,47.815296799999999,-110.043538699999999,Eagle Buttes,03/27/1996,02/06/2015,2789
,Arch Falls Natural Bridge,Arch,MT,30,Gallatin,031,45.427154100000003,-110.961054500000003,Fridley Peak,03/27/1996,,7342
,Running Eagle Falls Natural Bridge,Arch,MT,30,Glacier,035,48.498023699999997,-113.352599100000006,Dancing Lady Mountain,03/27/1996,,5010
,City of Rocks Arch,Arch,NM,35,Grant,017,32.593611099999997,-107.974166699999998,Taylor Mountain,03/27/1996,07/19/2010,5282
,Woodpecker Arch,Arch,NM,35,Cibola,006,35.040833300000003,-108.357777799999994,El Morro,03/27/1996,07/19/2010,7346
,Pierced Rock,Arch,NM,35,McKinley,031,35.097222199999997,-108.724722200000002,Horsehead Canyon,03/27/1996,07/19/2010,6922
,Needles Eye,Arch,NM,35,Catron,003,33.420000000000002,-108.823055600000004,Mogollon,03/27/1996,07/19/2010,5830
,The Great Eye,Arch,NM,35,McKinley,031,35.933055600000003,-108.935555600000001,Todilto Park,03/27/1996,07/19/2010,7543
,Snake Bridge,Arch,NM,35,San Juan,045,36.418613600000000,-109.017595999999998,Roof Butte,03/27/1996,,6863
,Cox Canyon Arch,Arch,NM,35,San Juan,045,36.997779800000004,-107.909232799999998,Cedar Hill,03/27/1996,07/19/2010,6332
,La Ventana Natural Arch,Arch,NM,35,Cibola,006,34.869166700000001,-107.889166700000004,North Pasture,03/27/1996,11/21/2008,7159
,Little Needles Eye,Arch,NM,35,Luna,029,32.207311199999999,-107.595025000000007,Florida Gap,03/27/1996,,4934
,Popawi,Arch,NM,35,Rio Arriba,039,35.973911800000003,-106.223081300000004,Puye,03/27/1996,,6968
,Murl Emery Arch,Arch,NV,32,Clark,003,35.726930299999999,-114.819145899999995,Nelson,03/27/1996,,3350
,Mustapha Island Bridge,Arch,OH,39,Athens,009,39.215699999999998,-81.727300000000000,Lubeck,03/27/1996,02/04/2009,607
,Hagley Hollow Arch,Arch,OH,39,Hocking,073,39.463596000000003,-82.549440300000001,South Bloomingville,03/27/1996,02/12/2017,801
,Needles Eye,Arch,OH,39,Ottawa,123,41.658611100000002,-82.819444399999995,Put-in-Bay,03/27/1996,06/24/2009,587
,Rockbridge,Arch,OH,39,Hocking,073,39.576111099999999,-82.501944399999999,Rockbridge,03/27/1996,06/24/2009,791
,Rock Bridge,Arch,OH,39,Washington,167,39.311666700000004,-81.819722200000001,Cutler,03/27/1996,06/24/2009,791
,Alabaster Caverns Bridge (historical),Arch,OK,40,Woodward,153,36.700555600000001,-99.148888900000003,Alabaster Caverns,03/27/1996,02/14/2011,1614
,Claron Arch,Arch,OR,41,Wheeler,069,44.912073800000002,-120.417251500000006,Clarno,03/27/1996,,1545
,Rock Bridge,Arch,OR,41,Marion,047,44.784566400000003,-122.275911800000003,Elkhorn,03/27/1996,,4301
,Devils Punchbowl Arch,Arch,OR,41,Lincoln,041,44.747337500000000,-124.065671499999993,Newport North,03/27/1996,,46
,Arch Spring Natural Bridge,Arch,PA,42,Blair,013,40.439240099999999,-78.204176599999997,Williamsburg,03/27/1996,,1135
,Burro Mesa Pouroff Window,Arch,TX,48,Brewster,043,29.235478400000002,-103.397678999999997,Cerro Castellan,03/27/1996,,3609
,Southeast Rim Keyhole,Arch,TX,48,Brewster,043,29.236312399999999,-103.280175099999994,Emory Peak,03/27/1996,,6765
,Natural Bridge of Texas,Arch,TX,48,Comal,091,29.692168700000000,-98.342514100000002,Bat Cave,03/27/1996,,1020
,Look-Through Rock,Arch,WA,53,Clallam,009,48.383672900000001,-124.725800399999997,Cape Flattery,03/27/1996,,0
,Elephant Trunk Rock,Arch,WI,55,Richland,103,43.365277800000001,-90.265277800000007,Sextonville,03/27/1996,06/24/2009,791
,Rockbridge,Arch,WI,55,Richland,103,43.447123599999998,-90.364710200000005,Rockbridge,03/27/1996,02/12/2015,804
,Leland Natural Bridge,Arch,WI,55,Sauk,111,43.348320100000002,-89.931235400000006,Black Hawk,03/27/1996,,1020
,Ayres Natural Bridge,Arch,WY,56,Converse,009,42.734278600000003,-105.612269600000005,La Prele Reservoir,03/27/1996,02/12/2015,5321
,Needles Eye,Arch,WY,56,Sheridan,033,44.846356399999998,-107.326470499999999,Dayton South,03/27/1996,,4610
,Window Rock,Arch,WY,56,Park,029,44.455779399999997,-109.797957199999999,Chimney Rock,03/27/1996,,6765
,Eye of the Eagle,Arch,WY,56,Sweetwater,037,42.224678900000001,-108.113978700000004,Osborne Draw,03/27/1996,,6840
,Serenity Natural Bridge,Arch,UT,49,Garfield,017,37.698599500000000,-111.623785299999994,Dave Canyon,03/27/1996,,6224
,Diamond Fork Arch,Arch,UT,49,Utah,049,40.079956500000002,-111.402405000000002,Billies Mountain,03/27/1996,,5403
,Broken Finger Arch,Arch,UT,49,Grand,019,39.348021299999999,-109.997088899999994,Lion Canyon,03/27/1996,,6867
,Swaseys Arch,Arch,UT,49,Emery,015,38.932752700000002,-110.813219700000005,The Blocks,03/27/1996,,6201
,Eagle Canyon Arch,Arch,UT,49,Emery,015,38.848583699999999,-110.833497899999998,San Rafael Knob,03/27/1996,,6765
,Horizon Arch,Arch,UT,49,Garfield,017,37.740544399999997,-111.660731699999999,Canaan Creek,03/27/1996,,6929
,Square Arch,Arch,UT,49,Iron,021,37.619144499999997,-112.836886800000002,Navajo Lake,03/27/1996,,9432
,Mano Arch,Arch,UT,49,Garfield,017,37.586376999999999,-111.413777899999999,Seep Flat,03/27/1996,,5312
,Fairview Natural Bridge,Arch,UT,49,Garfield,017,37.544149800000000,-112.245196800000002,Bryce Point,03/27/1996,,8540
,White Crag Natural Bridge,Arch,UT,49,San Juan,037,37.054995099999999,-110.904310199999998,Rainbow Bridge,03/27/1996,,6394
,Blue Pools Arch,Arch,UT,49,Kane,025,37.034708000000002,-111.634609699999999,Big Water,03/27/1996,,4203
,Old Settler Natural Bridge,Arch,UT,49,San Juan,037,37.221938100000003,-110.784031900000002,Wilson Creek,03/27/1996,,4157
,Goulding Arch,Arch,UT,49,San Juan,037,37.009167599999998,-110.213463300000001,Goulding,03/27/1996,,5410
,Aesops Arch,Arch,UT,49,San Juan,037,37.892766299999998,-109.962076600000003,Fable Valley,03/27/1996,,6726
,Zane Grey Arch,Arch,UT,49,Kane,025,37.380546799999998,-110.915984800000004,Stevens Canyon South,03/27/1996,12/05/2008,3855
,Ottingers Triple Arch,Arch,UT,49,Grand,019,38.614980899999999,-109.661785399999999,Gold Bar Canyon,03/27/1996,,5128
,Funnel Arch,Arch,UT,49,Grand,019,38.521093999999998,-109.599283600000007,Moab,03/27/1996,,4413
,Hunter Arch,Arch,UT,49,Grand,019,38.505816400000000,-109.593172300000006,Moab,03/27/1996,05/16/2013,4514
,Window Arch,Arch,UT,49,Grand,019,38.518316300000002,-109.557616600000003,Moab,03/27/1996,,4711
,Hall Bridge,Arch,UT,49,Grand,019,38.513871899999998,-109.557616499999995,Moab,03/27/1996,,4521
,Caterpillar Arch,Arch,UT,49,San Juan,037,38.013878099999999,-109.669012100000003,South Six-shooter Peak,03/27/1996,,5663
,Long Arch,Arch,UT,49,San Juan,037,38.004155699999998,-109.694012499999999,South Six-shooter Peak,03/27/1996,,6037
,Gunsight Natural Bridge,Arch,UT,49,San Juan,037,38.020266499999998,-109.711234700000006,South Six-shooter Peak,03/27/1996,,6115
,Aqueduct Arch,Arch,UT,49,San Juan,037,38.137210600000003,-109.516507300000001,Harts Point North,03/27/1996,,5800
,The Wine Glass,Arch,UT,49,San Juan,037,38.429428600000001,-109.612061400000002,Trough Springs Canyon,03/27/1996,,5568
,Thieves Cache Arch,Arch,UT,49,Wayne,055,38.213596699999997,-109.929570200000001,Spanish Bottom,03/27/1996,,4757
,Anchor Arch,Arch,UT,49,San Juan,037,38.102488000000001,-109.736233499999997,South Six-shooter Peak,03/27/1996,,5374
,Guillotine Arch,Arch,UT,49,San Juan,037,38.287208300000003,-109.808176799999998,Monument Basin,03/27/1996,,4052
,Kissing Cows,Arch,UT,49,San Juan,037,38.112764700000000,-109.871514700000006,Druid Arch,03/27/1996,,5272
,Horsehoof Arch,Arch,UT,49,San Juan,037,38.099153700000002,-109.879293000000004,Cross Canyon,03/27/1996,,5561
,Trail Arch,Arch,UT,49,San Juan,037,38.114154599999999,-109.754844700000007,Druid Arch,03/27/1996,,5098
,Top Story Window,Arch,UT,49,Grand,019,38.804977500000000,-109.620120799999995,Mollie Hogans,03/27/1996,,5312
,Clover Canyon Bridge,Arch,UT,49,Grand,019,38.769979100000000,-109.572342100000000,Mollie Hogans,03/27/1996,,5029
,Jacks Arch,Arch,UT,49,Grand,019,38.635258000000000,-109.691785899999999,Merrimac Butte,03/27/1996,,5197
,Boundary Butte Arch,Arch,UT,49,San Juan,037,37.021945700000003,-109.557612899999995,Boundary Butte,03/27/1996,,5230
,Chinese Arch,Arch,UT,49,Box Elder,003,41.628259600000000,-112.493302299999996,Lampo Junction,03/27/1996,05/16/2014,4833
,Promise Rock Arch,Arch,UT,49,Garfield,017,37.548040000000000,-112.032132700000005,Cannonville,03/27/1996,,5876
,Jewel Tibbetts Arch,Arch,UT,49,Grand,019,38.612757799999997,-109.849010899999996,The Knoll,07/15/1998,,4997
,Keyhole Rock,Arch,CA,06,Ventura,111,34.006670900000003,-119.399838099999997,Anacapa Island,06/13/2000,,0
,Emerald Lake Natural Bridge,Arch,VT,50,Bennington,003,43.273963400000000,-73.013436999999996,Dorset,05/08/2001,08/25/2011,1237
,The Arch,Arch,HI,15,Maui,009,20.571387000000001,-156.635730599999988,Kahoolawe,06/15/2001,10/25/2012,0
,Keaulepe,Arch,HI,15,Kauai,007,22.025182099999999,-160.101099000000005,Niihau North OE N,06/15/2001,10/11/2012,125
,Roche Perce Natural Arch,Arch,MO,29,Boone,019,38.855312499999997,-92.423519600000006,Jamestown,12/18/2003,,633
,Arrowhead Arch,Arch,UT,49,Grand,019,38.818595299999998,-109.335394500000007,Dewey,09/01/2004,,4560
,Obscure Arch,Arch,UT,49,Emery,015,38.940808400000002,-110.765163299999998,The Blocks,03/15/2005,,6906
,Twilight Arch,Arch,UT,49,Kane,025,37.139719999999997,-110.960279999999997,Nasja Mesa,07/16/2005,,3704
,Bell Tower Window,Arch,UT,49,San Juan,037,37.265560000000001,-110.850279999999998,The Rincon,02/27/2006,02/27/2006,4249
,South Fork Twin Arches,Arch,KY,21,Powell,197,37.796666700000003,-83.729444400000006,Slade,10/04/2006,,1171
,Tex Creek Arch,Arch,OR,41,Grant,023,44.270000000000003,-119.278888899999998,Big Weasel Springs,05/10/2007,,4482
,Timmons Arch,Arch,KY,21,Wolfe,237,37.791270699999998,-83.567977299999995,Pomeroyton,11/30/2007,,823
,Whistling Arch,Arch,KY,21,Wolfe,237,37.807460800000001,-83.593804300000002,Pomeroyton,11/30/2007,,945
,Adena Arch,Arch,KY,21,Menifee,165,37.841045500000000,-83.611982600000005,Pomeroyton,03/26/2008,,965
,Moonshiner Arch,Arch,KY,21,Menifee,165,37.827391300000002,-83.571597900000000,Pomeroyton,03/26/2008,,1112
,Henson Cave Arch,Arch,KY,21,Powell,197,37.779643499999999,-83.673316499999999,Slade,04/18/2008,,778
,The Bridge of Sighs,Arch,AZ,04,Coconino,005,36.456950300000003,-111.837864400000001,Tatahatso Point,05/05/2009,,3110
,Natural Bridge,Arch,TX,48,Briscoe,045,34.436240800000000,-101.065209899999999,Lake Theo,05/14/2009,02/06/2015,2339
,Breeze Arch,Arch,UT,49,Weber,057,41.240000000000002,-111.870000000000005,Snow Basin,06/01/2009,,7211
,Box Arch,Arch,UT,49,Grand,019,38.800833300000001,-109.614722200000003,Mollie Hogans,09/17/2009,01/22/2010,5200
,Clara Bernheimer Natural Bridge,Arch,AZ,04,Navajo,017,36.884166700000002,-110.030000000000001,Mitten Buttes,09/17/2009,01/22/2010,6135
,Eye of the Dove,Arch,AZ,04,Navajo,017,36.884166700000002,-110.054722200000000,Mitten Buttes,09/17/2009,01/22/2010,5823
,Natural Arch,Arch,AZ,04,Navajo,017,36.884722199999999,-110.095833299999995,Mitten Buttes,09/17/2009,01/22/2010,6083
,Ruin Arch,Arch,AZ,04,Navajo,017,36.871944399999997,-110.101666699999996,Baby Rocks,09/24/2009,02/19/2010,6010
,Natural Arch,Arch,AZ,04,Apache,001,36.975833299999998,-109.876111100000003,Rooster Rock,09/24/2009,,5108
,Natural Arch,Arch,AZ,04,Apache,001,36.971111100000002,-109.878055599999996,Rooster Rock,09/24/2009,,5111
,Natural Arch,Arch,AZ,04,Apache,001,36.915277799999998,-109.920277799999994,Rooster Rock,09/24/2009,01/22/2010,5420
,Sunrise Arch,Arch,AZ,04,Apache,001,36.909444399999998,-109.927222200000003,Rooster Rock,09/24/2009,01/22/2010,5400
,Natural Arch,Arch,AZ,04,Navajo,017,36.881944400000002,-110.236666700000001,Mystery Valley,09/24/2009,01/22/2010,5597
,Square House Natural Arch,Arch,AZ,04,Navajo,017,36.891944400000000,-110.190277800000004,Mystery Valley,09/24/2009,01/22/2010,5446
,Three Turkey Natural Bridge,Arch,AZ,04,Apache,001,36.017499999999998,-109.395833300000007,Three Turkey Canyon,10/02/2009,01/22/2010,6555
,Window Rock,Arch,AZ,04,Navajo,017,35.450000000000003,-110.454444400000000,Shonto Butte,10/02/2009,,6037
,Blackhorse Arch,Arch,AZ,04,Apache,001,36.696111100000003,-109.181388900000002,Boiling Over Well,10/02/2009,01/22/2010,6713
,Rock Bridge,Arch,AL,01,Franklin,059,34.363055600000003,-87.932777799999997,Hodges,10/14/2009,01/22/2010,712
,Honeycomb Natural Bridge,Arch,AL,01,Marshall,095,34.459166699999997,-86.328888899999995,Mount Carmel,10/14/2009,01/22/2010,735
,High Falls Natural Bridge,Arch,AL,01,DeKalb,049,34.399999999999999,-86.067499999999995,Grove Oak,10/14/2009,03/27/2017,902
,Needle Rock,Arch,AL,01,DeKalb,049,34.374166700000004,-85.631388900000005,Little River,10/14/2009,01/22/2010,1217
,Natural Bridge,Arch,AL,01,Winston,133,34.176388899999999,-87.277500000000003,Houston,10/14/2009,,702
,Natural Arch,Arch,AL,01,Franklin,059,34.386388900000000,-87.632499999999993,Spruce Pine,10/14/2009,01/22/2010,958
,Petit Jean Natural Bridge,Arch,AR,05,Conway,029,35.096666700000000,-92.946111099999996,Adona,10/14/2009,01/22/2010,620
,Natural Bridge of Arkansas,Arch,AR,05,Van Buren,141,35.656111099999997,-92.449722199999997,Old Lexington,10/14/2009,01/22/2010,876
,Indian Rockhouse,Arch,AR,05,Marion,089,36.092500000000001,-92.578888899999995,Cozahome,10/14/2009,,568
,Arlberg Arch,Arch,AR,05,Stone,137,35.760555600000004,-92.372777799999994,Fox,10/14/2009,01/22/2010,1211
,Arch Rock,Arch,AR,05,Pope,115,35.713611100000001,-93.016666700000002,Sand Gap,10/14/2009,,1591
,Pedestal Rocks,Arch,AR,05,Pope,115,35.710000000000001,-93.021111099999999,Sand Gap,10/14/2009,,1644
,Buzzard Roost Rocks Natural Arch,Arch,AR,05,Pope,115,35.634999999999998,-93.133055600000006,Fort Douglas,10/14/2009,01/22/2010,1371
,Devils Den Natural Bridge,Arch,AR,05,Washington,143,35.771944400000002,-94.261111099999994,Strickler,10/14/2009,01/22/2010,965
,Lost Valley Natural Bridge,Arch,AR,05,Newton,101,36.015000000000001,-93.384166699999994,Osage SW,10/14/2009,01/22/2010,1250
,Hoola Hey Arch,Arch,AZ,04,Navajo,017,36.869166700000001,-110.040833300000003,Baby Rocks,02/10/2010,,5584
,Elephant Rock,Arch,AZ,04,Apache,001,36.654722200000002,-109.151388900000001,Boiling Over Well,02/10/2010,,6283
,Royal Arch,Arch,AZ,04,Coconino,005,36.191111100000001,-112.453333299999997,Explorers Monument,03/29/2010,,3100
,Jicarilla Bridge,Arch,AZ,04,Coconino,005,36.107777800000001,-112.313333299999996,Piute Point,03/29/2010,,6473
,Vermillion Arch,Arch,AZ,04,Coconino,005,36.807777799999997,-112.056944400000006,House Rock Spring,03/29/2010,,6165
,Joannes Arch,Arch,AZ,04,Coconino,005,36.990833299999998,-112.005555599999994,Coyote Buttes,03/29/2010,,5610
,Dannys Arch,Arch,AZ,04,Coconino,005,36.990833299999998,-112.005277800000002,Coyote Buttes,03/29/2010,,5604
,Navajo Arch,Arch,AZ,04,Coconino,005,36.942500000000003,-111.321666699999994,Wild Horse Mesa,03/29/2010,,3770
,Tuba Arch,Arch,AZ,04,Coconino,005,36.087222199999999,-111.294444400000003,Moenave SE,03/29/2010,,4590
,Sitting Lizard Arch,Arch,AZ,04,Coconino,005,36.633333299999997,-111.180000000000007,Horsethief Mesa,03/29/2010,,5604
,Arrowhead Arch,Arch,AZ,04,Coconino,005,36.546666700000003,-111.136111099999994,Arrowhead Mesa,03/29/2010,,6329
,Fernholes Natural Bridge,Arch,AZ,04,Coconino,005,36.858055600000000,-111.116111099999998,Tse Esgizii,03/29/2010,,4094
,Tsai Skizzi,Arch,AZ,04,Coconino,005,36.805555599999998,-111.094722200000007,Tse Esgizii,03/29/2010,,5827
,Mikes Arch,Arch,AZ,04,Coconino,005,36.844166700000002,-110.961944399999993,Chaiyahi Rim SW,03/29/2010,,4590
,Natural Arch,Arch,AZ,04,Coconino,005,36.687777799999999,-110.833333300000007,Toenleshushe Canyon,03/29/2010,,5522
,Natural Arch,Arch,AZ,04,Coconino,005,36.084444400000002,-112.090000000000003,Phantom Ranch,05/13/2010,,5013
,Liberty Bell Arch,Arch,AZ,04,Mohave,015,35.975000000000001,-114.724444399999996,Ringbolt Rapids,05/13/2010,,1539
,Shivwits Arch,Arch,AZ,04,Mohave,015,36.965277800000003,-113.714722199999997,Purgatory Canyon,05/13/2010,,3343
,Cowboy Arch,Arch,AZ,04,Mohave,015,35.147222200000002,-114.352500000000006,Secret Pass,05/13/2010,,3530
,Hualapai Arch,Arch,AZ,04,Mohave,015,35.143055599999997,-114.349166699999998,Secret Pass,05/13/2010,,3612
,Conglomerate Arch,Arch,AZ,04,Mohave,015,36.300555600000003,-112.878055599999996,Fern Glen Canyon,05/13/2010,,2536
,Boysag Point Arch,Arch,AZ,04,Mohave,015,36.346666700000000,-112.756666699999997,S B Point,05/13/2010,,5463
,Picture Rock Window,Arch,AZ,04,Mohave,015,34.626388900000002,-114.424999999999997,Topock,05/13/2010,,925
,Natural Arch,Arch,AZ,04,La Paz,012,33.263611099999999,-114.312222199999994,Tweed Mine,05/25/2010,,2497
,Natural Arch,Arch,AZ,04,La Paz,012,33.299999999999997,-114.310277799999994,Tweed Mine,05/25/2010,,2152
,Natural Arch,Arch,AZ,04,La Paz,012,33.392499999999998,-113.647222200000002,Coyote Peak,05/25/2010,,1867
,Natural Arch,Arch,AZ,04,La Paz,012,33.679444400000001,-113.554166699999996,Harrisburg Valley,05/25/2010,,2595
,Natural Arch,Arch,AZ,04,La Paz,012,33.686388899999997,-113.545000000000002,Harrisburg Valley,05/25/2010,,2054
,Natural Arch,Arch,AZ,04,La Paz,012,33.512777800000002,-113.506111099999998,Hope SE,05/25/2010,,1890
,Natural Arch,Arch,AZ,04,La Paz,012,33.515000000000001,-113.477222200000000,Lone Mountain,05/25/2010,,1736
,Natural Arch,Arch,AZ,04,La Paz,012,33.463333300000002,-113.409999999999997,Eagletail Mountains West,05/25/2010,,2073
,Natural Arch,Arch,AZ,04,La Paz,012,33.450277800000002,-113.367777799999999,Eagletail Mountains East,05/25/2010,,2313
,Natural Arch,Arch,AZ,04,La Paz,012,33.402500000000003,-113.340833300000000,Eagletail Mountains East,05/25/2010,,1919
,Natural Arch,Arch,AZ,04,Yuma,027,32.979444399999998,-114.318888900000005,Middle Mountains South,05/25/2010,,1027
,Natural Arch,Arch,AZ,04,Yuma,027,33.267499999999998,-114.207499999999996,Stone Cabin,05/25/2010,,1995
,Natural Arch,Arch,AZ,04,Yuma,027,33.290277799999998,-114.198611099999994,Stone Cabin,05/25/2010,,1837
,Natural Arch,Arch,AZ,04,Yuma,027,32.968055600000000,-114.155833299999998,Red Bluff Mountain NW,05/25/2010,,1329
,Natural Arch,Arch,AZ,04,Yuma,027,32.982777800000001,-114.115833300000006,Salton Tanks,05/25/2010,,1483
,Natural Arch,Arch,AZ,04,Yuma,027,32.983055600000000,-114.106388899999999,Salton Tanks,05/25/2010,,1480
,Natural Arch,Arch,AZ,04,Yuma,027,32.976944400000001,-114.104722199999998,Salton Tanks,05/25/2010,,1693
,Natural Arch,Arch,AZ,04,Yuma,027,33.378055600000003,-114.089166700000007,Livingston Hills,05/25/2010,,3117
,Natural Arch,Arch,AZ,04,Yuma,027,33.384722199999999,-114.082222200000004,Livingston Hills,05/25/2010,,3018
,Natural Arch,Arch,AZ,04,Yuma,027,32.978888900000001,-114.066944399999997,Salton Tanks,05/25/2010,,1831
,Natural Arch,Arch,AZ,04,Yuma,027,33.413888900000003,-114.038611099999997,Livingston Hills,05/25/2010,,2976
,Natural Arch,Arch,AZ,04,Yuma,027,33.428333299999998,-114.017499999999998,Livingston Hills,05/25/2010,,2756
,Natural Arch,Arch,AZ,04,Yuma,027,33.300833300000001,-114.007222200000001,Palm Canyon,05/25/2010,,2431
,Natural Arch,Arch,AZ,04,Yuma,027,33.298055599999998,-113.970555599999997,Kofa Butte,05/25/2010,,2247
,Conflagration Arch,Arch,AZ,04,Yuma,027,33.369444399999999,-113.665833300000003,Cementosa Wash,05/25/2010,,1962
,Gunnery Arch,Arch,AZ,04,Yuma,027,32.579444400000000,-113.617222200000000,Mohawk Mountains SE,05/25/2010,,1033
,Natural Arch,Arch,AZ,04,Maricopa,013,33.232500000000002,-113.333888900000005,Hyder NE,05/25/2010,,1640
,Aguila Arch,Arch,AZ,04,Maricopa,013,32.621388899999999,-113.327777800000007,Aguila Mountains SE,05/25/2010,,915
,Natural Arch,Arch,AZ,04,Maricopa,013,33.377777799999997,-113.317222200000003,Eagletail Mountains East,05/25/2010,,1824
,Natural Arch,Arch,AZ,04,Maricopa,013,33.400833300000002,-113.303333300000006,Eagletail Mountains East,05/25/2010,,2717
,Eagletail Arch,Arch,AZ,04,Maricopa,013,33.386666699999999,-113.280000000000001,Eagletail Mountains East,05/25/2010,,1814
,Natural Arch,Arch,AZ,04,Maricopa,013,33.881944400000002,-113.170833299999998,Aguila,05/25/2010,,2474
,The Eagles Beak,Arch,AZ,04,Maricopa,013,33.891666700000002,-113.169166700000005,Aguila,05/25/2010,,2789
,Belmont Arch,Arch,AZ,04,Maricopa,013,33.616666700000003,-112.929444399999994,Hot Rock Mountain,05/25/2010,,1883
,Natural Arch,Arch,AZ,04,Maricopa,013,33.857500000000002,-112.742222200000000,Wickenburg SW,05/25/2010,,2182
,Natural Arch,Arch,AZ,04,Maricopa,013,33.612222199999998,-112.906111100000004,Hot Rock Mountain,05/25/2010,,1654
,Vulture Arch,Arch,AZ,04,Maricopa,013,33.844999999999999,-112.694444399999995,Wickenburg SW,05/25/2010,,2234
,Sunrise Arch,Arch,AZ,04,Maricopa,013,33.548055599999998,-111.538888900000003,Stewart Mountain,06/15/2010,,1847
,Camels Eye,Arch,AZ,04,Maricopa,013,33.517222199999999,-111.973055599999995,Paradise Valley,06/15/2010,,1916
,Arch Tank Natural Bridge,Arch,AZ,04,Yuma,027,33.200000000000003,-114.199444400000004,Arch Tank,06/15/2010,,2005
,Hewitt Canyon Natural Arch,Arch,AZ,04,Pinal,021,33.345833300000002,-111.219166700000002,Picketpost Mountain,06/15/2010,,2592
,Hell Hole,Arch,AZ,04,Pinal,021,32.911944400000003,-110.457499999999996,Booger Canyon,06/15/2010,,3238
,Ajo Window,Arch,AZ,04,Pima,019,32.039444400000001,-112.708055599999994,Mount Ajo,06/15/2010,,3314
,Itois Eyes,Arch,AZ,04,Pima,019,31.763888900000001,-111.576666700000004,Baboquivari Peak,06/15/2010,,6115
,Brown Canyon Natural Bridge,Arch,AZ,04,Pima,019,31.775277800000001,-111.576388899999998,Baboquivari Peak,06/15/2010,,4767
,Ramanote Canyon Natural Arch,Arch,AZ,04,Santa Cruz,023,31.441388900000000,-111.137500000000003,Ruby,06/15/2010,03/19/2014,5472
,Black Hills Arch,Arch,AZ,04,Graham,009,33.081111100000001,-109.932777799999997,Fort Thomas,06/15/2010,,3389
,Whitetail Arch,Arch,AZ,04,Cochise,003,32.005000000000003,-109.274166699999995,Cochise Head,06/15/2010,,5948
,The Portal,Arch,AZ,04,Cochise,003,31.878611100000001,-109.172777800000006,Portal,06/15/2010,,6165
,Texas Arch,Arch,AZ,04,Cochise,003,32.052222200000003,-110.094722200000007,Dragoon,06/15/2010,,4974
,Red Lake Natural Bridge,Arch,NM,35,McKinley,031,35.928333299999998,-109.023333300000004,Buell Park,07/19/2010,,7182
,Reserve Natural Bridge,Arch,NM,35,Catron,003,33.739166699999998,-108.775000000000006,Reserve,07/19/2010,,5882
,Coyote Arch,Arch,NM,35,McKinley,031,35.786944400000003,-108.559444400000004,Coyote Canyon,07/19/2010,,6240
,Sandstone Bluffs Arch,Arch,NM,35,Cibola,006,34.951666699999997,-107.834722200000002,Los Pilares,07/19/2010,,6781
,Eye of the Moon,Arch,NM,35,Cibola,006,34.922777799999999,-107.615277800000001,Acoma Pueblo,07/19/2010,,6352
,Cats Eye,Arch,NM,35,Rio Arriba,039,36.310000000000002,-106.454722200000006,Ghost Ranch,07/19/2010,11/29/2010,6673
,Phoenix Arch,Arch,NM,35,Los Alamos,028,35.908055599999997,-106.329444400000000,Guaje Mountain,07/19/2010,,7775
,Natural Bridge,Arch,NM,35,Eddy,015,32.253333300000001,-104.719444400000000,Red Bluff Draw,07/19/2010,,4655
,Window Rock,Arch,NM,35,Rio Arriba,039,36.126388900000002,-106.218888899999996,Medanales,07/19/2010,,6417
,Cicuye Arch,Arch,NM,35,San Miguel,047,35.571666700000002,-105.601666699999996,Lower Colonias,07/19/2010,,7319
,Onomea Arch,Arch,HI,15,Hawaii,001,19.810476699999999,-155.089906500000012,Papaikou,08/25/2010,01/07/2013,108
,Natural Bridge,Arch,AZ,04,Coconino,005,36.312222200000001,-112.351111099999997,King Arthur Castle,10/19/2010,,5187
,Outcrop Arch,Arch,NM,35,San Juan,045,36.790277799999998,-107.894999999999996,Aztec,11/29/2010,,6368
,Little Delicate Arch,Arch,NM,35,San Juan,045,36.814722199999999,-107.814166700000001,Turley,11/29/2010,,6211
,Burro Spring Bridge,Arch,NM,35,San Juan,045,36.806944399999999,-107.769166700000000,Turley,11/29/2010,,6083
,Crow Canyon Arch,Arch,NM,35,San Juan,045,36.819722200000001,-107.758055600000006,Turley,11/29/2010,,6329
,Cutter Lake Arch,Arch,NM,35,San Juan,045,36.691944399999997,-107.683055600000003,Cutter Canyon,11/29/2010,,5958
,Gobernador Canyon Arch,Arch,NM,35,San Juan,045,36.785277800000003,-107.668611100000007,Archuleta,11/29/2010,,5902
,Pemada Canyon Arch,Arch,NM,35,San Juan,045,36.788888900000003,-107.829166700000002,Turley,11/29/2010,,6306
,Red Hills Natural Bridge (historical),Arch,KS,20,Barber,007,37.311666700000004,-98.911944399999996,Sun City SW,02/14/2011,,1749
,Monument Rocks Arch,Arch,KS,20,Gove,063,38.795277800000001,-100.764444400000002,Elkader,02/14/2011,,2661
,Elephant Rock,Arch,KS,20,Decatur,039,39.909999999999997,-100.671111100000005,Traer,02/14/2011,,2694
,Vinson Natural Bridge,Arch,OK,40,Greer,055,34.951111099999999,-99.837500000000006,Vinson,02/14/2011,,1686
,Independence Arch,Arch,OK,40,Cimarron,025,36.952222200000001,-102.876111100000003,Kenton,02/14/2011,,4380
,Centennial Arch,Arch,OK,40,Comanche,031,34.723055600000002,-98.724444399999996,Quanah Mountain,02/14/2011,,2241
,Natural Bridge,Arch,CO,08,Eagle,037,39.785833300000000,-107.013333299999999,Sugarloaf Mountain,03/16/2011,,6608
,Outlaw Arch,Arch,CO,08,Moffat,081,40.509722199999999,-108.923055599999998,Canyon of Lodore South,03/31/2011,,5446
,Sand Canyon Arch,Arch,CO,08,Moffat,081,40.483888899999997,-108.997500000000002,Hells Canyon,03/31/2011,,5735
,Escarpment Arch,Arch,CO,08,Moffat,081,40.305000000000000,-108.120000000000005,Price Creek,03/31/2011,,7116
,Aperture Arch,Arch,CO,08,Montrose,085,38.319444400000002,-108.937777800000006,Paradox,03/31/2011,,6404
,Dolores River Arch,Arch,CO,08,Montrose,085,38.204166700000002,-108.914722200000000,Anderson Mesa,03/31/2011,,5522
,Rhodas Arch,Arch,CO,08,Mineral,079,37.659166700000000,-107.000833299999996,Workman Creek,03/31/2011,,10000
,Wisdom Tooth,Arch,CO,08,Baca,009,37.015833299999997,-102.764722199999994,Tubs Springs,03/31/2011,,4354
,East Rock Creek Canyon Arch,Arch,CO,08,Montezuma,083,37.367777799999999,-108.811388899999997,Battle Rock,03/31/2011,,6109
,Harmonica Arch,Arch,CO,08,Douglas,035,39.191111100000001,-105.394722200000004,McCurdy Mountain,03/31/2011,,8950
,Eagles Eye,Arch,CO,08,Eagle,037,39.536944400000003,-106.398055600000006,Minturn,03/31/2011,,8717
,No Name Bridge,Arch,CO,08,Garfield,045,39.556388900000002,-107.297222199999993,Glenwood Springs,03/31/2011,,6309
,Rifle Arch,Arch,CO,08,Garfield,045,39.628888900000000,-107.810555600000001,Horse Mountain,03/31/2011,,6562
,Window Rock,Arch,CO,08,Las Animas,071,37.619444399999999,-103.606111100000007,Beaty Canyon,03/31/2011,,4419
,Picture Window,Arch,CO,08,Las Animas,071,37.618333300000003,-103.609166700000003,Beaty Canyon,03/31/2011,,4445
,Twin Peaks Window,Arch,CO,08,Las Animas,071,37.327222200000001,-104.913333300000005,Herlick Canyon,03/31/2011,,8402
,Trail Arch,Arch,CO,08,Mesa,077,39.157222200000000,-108.857222199999995,Mack,03/31/2011,,4842
,Arete Arch,Arch,CO,08,Mesa,077,39.122222200000003,-108.905833299999998,Sieber Canyon,03/31/2011,,5525
,Bulwark Arch,Arch,CO,08,Mesa,077,39.118055599999998,-108.905833299999998,Sieber Canyon,03/31/2011,,5692
,Crown Arch,Arch,CO,08,Mesa,077,39.132222200000001,-108.898055600000006,Ruby Canyon,03/31/2011,,5482
,Tubloc Arch,Arch,CO,08,Mesa,077,39.131111099999998,-108.896388900000005,Ruby Canyon,03/31/2011,,5502
,Two Feathers Arch,Arch,CO,08,Mesa,077,39.136111100000001,-108.894166700000000,Ruby Canyon,03/31/2011,,5482
,Protractor Arch,Arch,CO,08,Mesa,077,39.115555600000000,-108.892499999999998,Sieber Canyon,03/31/2011,,5702
,Trap Arch,Arch,CO,08,Mesa,077,39.140555599999999,-108.844444400000000,Mack,03/31/2011,,5597
,West Pollock Arch,Arch,CO,08,Mesa,077,39.135833300000002,-108.824166700000006,Mack,03/31/2011,,5646
,Windows of Pollock Canyon,Arch,CO,08,Mesa,077,39.120555600000003,-108.814722200000006,Battleship Rock,03/31/2011,,5682
,Culvert Arch,Arch,CO,08,Mesa,077,39.033888900000001,-108.644999999999996,Colorado National Monument,03/31/2011,,5705
,Biggs Arch,Arch,OR,41,Sherman,055,45.657671999999998,-120.863061999999999,Biggs Junction,04/15/2011,,387
,Tejas Arch,Arch,TX,48,Culberson,109,31.906388900000000,-104.836944399999993,Guadalupe Peak,05/24/2011,,6306
,Pratt Arch,Arch,TX,48,Culberson,109,31.956666700000000,-104.792500000000004,Guadalupe Peak,05/24/2011,,5945
,Eye of the Needle,Arch,TX,48,Jeff Davis,243,30.780799999999999,-103.990584900000002,Little Aguja Mountain,05/24/2011,02/06/2015,5223
,Lajitas Natural Bridge,Arch,TX,48,Brewster,043,29.275277800000001,-103.767499999999998,Lajitas,05/24/2011,,2520
,Cerro Castellan Window,Arch,TX,48,Brewster,043,29.155308399999999,-103.500402699999995,Castolon,05/24/2011,02/06/2015,2323
,Judys Arch,Arch,TX,48,Randall,381,34.932499999999997,-101.644999999999996,Fortress Cliff,05/26/2011,,2890
,Sam Bass Arch,Arch,TX,48,Burnet,053,30.684444400000000,-98.350277800000001,Longhorn Cavern,05/24/2011,,1345
,Unity Village Natural Bridge,Arch,MO,29,Jackson,095,38.946666700000002,-94.400000000000006,Lees Summit,06/30/2011,,889
,Hootentown Natural Arch,Arch,MO,29,Stone,209,36.924722199999998,-93.392777800000005,Hurley,06/30/2011,,1142
,Lost Hill Natural Arch,Arch,MO,29,Greene,077,37.279166699999998,-93.302777800000001,Ebenezer,06/30/2011,,1119
,Dry Sac Arch,Arch,MO,29,Greene,077,37.278611099999999,-93.302777800000001,Ebenezer,06/30/2011,,1155
,Gravois Mills Natural Bridge,Arch,MO,29,Morgan,141,38.338611100000001,-92.863055599999996,Gravois Mills,06/30/2011,,741
,Henley Natural Arch,Arch,MO,29,Cole,051,38.340833300000000,-92.295555600000000,Saint Elizabeth,06/30/2011,03/15/2012,682
,Ash Cave Natural Arch,Arch,MO,29,Barry,009,36.726944400000001,-93.846111100000002,Cassville,06/30/2011,,1286
,Needles Eye Natural Arch,Arch,MO,29,Wright,229,37.284444399999998,-92.428055599999993,Fuson,06/30/2011,,1175
,Cliffdale Hollow Natural Bridge,Arch,MO,29,Jefferson,099,38.166944399999998,-90.349444399999996,Selma,06/30/2011,,505
,Haynie Branch Natural Bridges,Arch,MO,29,St. Clair,185,37.854722199999998,-93.753611100000001,Caplinger Mills,06/30/2011,,906
,Bat Cave Arch,Arch,MO,29,Miller,131,38.321111100000003,-92.292222199999998,Saint Elizabeth,06/30/2011,,640
,Paddy Creek Natural Arch,Arch,MO,29,Texas,215,37.559444399999997,-92.047222199999993,Slabtown Spring,06/30/2011,,942
,Anvil Rock Arch,Arch,MO,29,Osage,151,38.393888900000000,-91.992222200000000,Westphalia East,06/30/2011,,659
,The Emerald Grotto,Arch,MO,29,Shannon,203,37.358333299999998,-91.370833300000001,The Sinks,06/30/2011,,804
,Pickle Springs Double Arch,Arch,MO,29,Ste. Genevieve,186,37.803333299999998,-90.297777800000006,Sprott,06/30/2011,,899
,Selmore Natural Arch,Arch,MO,29,Christian,043,36.982777800000001,-93.214444400000005,Selmore,06/30/2011,,1217
,Sweden Fork Natural Bridge,Arch,MO,29,Douglas,067,36.865555600000000,-92.500277800000006,Unknown,06/30/2011,,1066
,Namesake Natural Bridge (historical),Arch,MO,29,St. Louis (city),510,38.656666700000002,-90.205555599999997,Granite City,06/30/2011,,456
,Kaintuck Hollow Natural Bridge,Arch,MO,29,Phelps,161,37.847247000000003,-91.919718000000003,Kaintuck Hollow,06/30/2011,02/06/2015,879
,Pinnacles Bluff Arch,Arch,MO,29,Phelps,161,37.991666700000003,-91.556111099999995,Maramec Spring,06/30/2011,,889
,Cow Shank Natural Bridge,Arch,IL,17,Randolph,157,38.119999999999997,-90.080833299999995,Prairie du Rocher,08/25/2011,01/10/2012,522
,Cedar Wonders Arch,Arch,IL,17,Johnson,087,37.504444399999997,-88.781388899999996,Creal Springs,08/25/2011,,495
,Bell Smith Natural Bridge,Arch,IL,17,Pope,151,37.517777799999998,-88.654444400000003,Stonefort,08/25/2011,,449
,Wolf Natural Bridges,Arch,IN,18,Owen,119,39.305555599999998,-86.718888899999996,Gosport,08/25/2011,,581
,Ravine Arch,Arch,IN,18,Crawford,025,38.331666700000000,-86.545277799999994,Taswell,08/25/2011,,640
,Arrowhead Arch,Arch,IN,18,Crawford,025,38.282777799999998,-86.525277799999998,Taswell,08/25/2011,,663
,Fonferek Glen Natural Arch,Arch,WI,55,Brown,009,44.426666699999998,-87.939999999999998,Bellevue,08/25/2011,,794
,Amygdaloid Arch,Arch,MI,26,Keweenaw,083,48.148055599999999,-88.628055599999996,McCargoe Cove,08/25/2011,12/04/2013,650
,Caribou Arch,Arch,MI,26,Keweenaw,083,48.096388900000001,-88.562777800000006,Mott Island,08/25/2011,,620
,Lovers Leap,Arch,MI,26,Alger,003,46.533055599999997,-86.489722200000003,Grand Portal Point,08/25/2011,,604
,Grand Portal,Arch,MI,26,Alger,003,46.553333299999998,-86.462222199999999,Grand Portal Point,08/25/2011,,748
,Fairy Arch (historical),Arch,MI,26,Mackinac,097,45.852777799999998,-84.603888900000001,Round Island,08/25/2011,,600
,Dragons Mouth,Arch,CA,06,Siskiyou,093,41.758055599999999,-121.568055599999994,Captain Jacks Stronghold,11/29/2011,,4495
,Forbidden Arch,Arch,CA,06,Siskiyou,093,41.846944399999998,-121.559444400000004,Captain Jacks Stronghold,11/29/2011,,4101
,Bearpaw Bridge,Arch,CA,06,Siskiyou,093,41.728055599999998,-121.549166700000001,Schonchin Butte,11/29/2011,,4898
,Balcony Bridge,Arch,CA,06,Siskiyou,093,41.744444399999999,-121.545833299999998,Schonchin Butte,11/29/2011,,4692
,Boulevard Bridge,Arch,CA,06,Siskiyou,093,41.744999999999997,-121.545000000000002,Schonchin Butte,11/29/2011,,4685
,Natural Bridge,Arch,CA,06,Siskiyou,093,41.702500000000001,-121.518611100000001,Schonchin Butte,11/29/2011,,5075
,Brushy Bridge,Arch,CA,06,Siskiyou,093,41.708333300000000,-121.514166700000004,Schonchin Butte,11/29/2011,,4964
,Venetian Bridge,Arch,CA,06,Siskiyou,093,41.708611099999999,-121.514166700000004,Schonchin Butte,11/29/2011,,4954
,Chocolate Bridge,Arch,CA,06,Siskiyou,093,41.709256300000000,-121.513517800000002,Schonchin Butte,11/29/2011,06/03/2015,4931
,Hopkins Bridge,Arch,CA,06,Siskiyou,093,41.709166699999997,-121.513888899999998,Schonchin Butte,11/29/2011,,4934
,Sentinel Bridge,Arch,CA,06,Siskiyou,093,41.708333300000000,-121.511388900000000,Schonchin Butte,11/29/2011,,4918
,The Portal,Arch,CA,06,Humboldt,023,41.064032500000003,-124.150884300000001,Trinidad,02/16/2012,02/06/2015,69
,Elephant Rock,Arch,CA,06,Humboldt,023,40.523055599999999,-124.378333299999994,Ferndale OE W,02/14/2012,,26
,Hole in the Rock,Arch,CA,06,Napa,055,38.651944399999998,-122.612222200000005,Detert Reservoir,02/15/2012,,3333
,Peep Sight,Arch,CA,06,Alpine,003,38.493055599999998,-119.855833300000000,Dardanelles Cone,02/15/2012,,9354
,Modoc Natural Bridge,Arch,CA,06,Modoc,049,41.267499999999998,-120.150555600000004,Eagle Peak,02/15/2012,,6847
,White Cap Arch,Arch,CA,06,Sonoma,097,38.721111100000002,-123.470277800000005,Stewarts Point,02/15/2012,,3
,Elephant Rock,Arch,CA,06,Marin,041,38.180000000000000,-122.965277799999996,Tomales,02/14/2012,,16
,Keyhole,Arch,CA,06,Marin,041,37.984999999999999,-122.811666700000004,Double Point,02/15/2012,,30
,Temple,Arch,CA,06,Marin,041,37.981388899999999,-122.803333300000006,Double Point,02/15/2012,,3
,Bird Island Arch,Arch,CA,06,Marin,041,37.823888900000000,-122.536944399999996,Point Bonita,02/14/2012,,16
,Point Bonita Arch,Arch,CA,06,Marin,041,37.815555600000003,-122.529444400000003,Point Bonita,02/15/2012,,75
,Whale Rock Arch,Arch,CA,06,Mendocino,045,39.555277799999999,-123.767777800000005,Inglenook,02/15/2012,,26
,Jughandle,Arch,CA,06,Mendocino,045,39.374722200000001,-123.822500000000005,Mendocino,02/15/2012,,0
,Blowhole,Arch,CA,06,Mendocino,045,39.328888900000003,-123.811388899999997,Mendocino,02/14/2012,,3
,Wharf Rock West Arch,Arch,CA,06,Mendocino,045,39.130833299999999,-123.723055599999995,Elk,02/15/2012,,95
,Wharf Rock East Arch,Arch,CA,06,Mendocino,045,39.130555600000001,-123.722222200000004,Elk,02/15/2012,,7
,Devils Pitchfork,Arch,CA,06,Mendocino,045,39.130277800000002,-123.721111100000002,Elk,02/14/2012,,0
,Point Arena Arch,Arch,CA,06,Mendocino,045,38.939166700000001,-123.730833300000000,Point Arena,02/15/2012,,33
,Hitch'n Post,Arch,CA,06,Mendocino,045,38.922777799999999,-123.728333300000003,Point Arena,02/14/2012,,0
,Fish Rocks Arch,Arch,CA,06,Mendocino,045,38.800555600000003,-123.594444400000000,Gualala,02/14/2012,,0
,Cape Vizcaino Arch,Arch,CA,06,Mendocino,045,39.726944400000001,-123.832222200000004,Westport,02/14/2012,,108
,Arturos Bridge,Arch,CA,06,Imperial,025,32.940555600000003,-114.650555600000004,Picacho Peak,11/21/2012,,843
,Whitley Bridge,Arch,CA,06,Imperial,025,33.002777799999997,-114.581944399999998,Picacho,11/21/2012,,404
,Conglomerate Double Arch,Arch,CA,06,Inyo,027,36.516111100000003,-117.751666700000001,Cerro Gordo Peak,11/21/2012,,6883
,Telephone Arch,Arch,CA,06,Inyo,027,36.482500000000002,-117.197500000000005,Emigrant Canyon,11/21/2012,,2785
,Last Chance Canyon Arch,Arch,CA,06,Kern,029,35.430555599999998,-117.917777799999996,Saltdale NW,11/21/2012,,3038
,Bottomless Pit,Arch,CA,06,Mono,051,37.619444399999999,-119.011388900000000,Crystal Crag,11/21/2012,,9065
,Clark Mountain Natural Arch,Arch,CA,06,San Bernardino,071,35.543888899999999,-115.582499999999996,Clark Mountain,11/21/2012,,6591
,San Roque Arch,Arch,CA,06,Santa Barbara,083,34.479999999999997,-119.739444399999996,Santa Barbara,11/21/2012,,1499
,Elusive Arch,Arch,CA,06,Santa Barbara,083,34.492222200000000,-119.873055600000001,Goleta,11/21/2012,,2211
,Arch Rock,Arch,CA,06,Santa Barbara,083,33.487777800000003,-119.028611100000006,Santa Barbara Island,11/21/2012,,3
,Arch Rock,Arch,CA,06,San Francisco,075,37.702777800000000,-123.003888900000007,Farallon Islands,11/21/2012,,82
,Arch Rock,Arch,CA,06,Madera,039,37.443611099999998,-119.276388900000001,Piyau Dome,11/21/2012,,6604
,Burnt Bridge,Arch,KY,21,Rockcastle,203,37.524941200000001,-84.218546500000002,Bighill,05/21/2012,,1555
,Nels Johnson Bridge,Arch,UT,49,Wayne,055,38.290555599999998,-111.231388899999999,Fruita,07/22/2012,,5564